date,daily_burn_estimate_eth
2026-05-02,39.09045281394302
2026-05-03,48.64146440268834
2026-05-04,62.03181947252571
2026-05-05,61.05897081283481
2026-05-06,55.04820285194228
2026-05-07,155.4138300718133
2026-05-08,60.89896698215614
2026-05-09,55.74475092676367
2026-05-10,51.93779038115902
2026-05-11,142.03838427026304
2026-05-12,98.87317433574852
2026-05-13,73.05640624499013
2026-05-14,83.03467361834889
2026-05-15,410.49481875934566
2026-05-16,97.68127895938976
2026-05-17,68.2765661652245
2026-05-18,52.31720838551041
2026-05-19,38.78373451022799
2026-05-20,59.731470939736
2026-05-21,28.37542346895298
2026-05-22,34.48356125425666
2026-05-23,23.046412744888794
2026-05-24,25.91756589575208
2026-05-25,27.61605496740762
2026-05-26,25.823813402232403
2026-05-27,50.9881071721807
2026-05-28,79.61010834115706
2026-05-29,127.09022285593996
2026-05-30,33.5021414907408
2026-05-31,38.79076034643719
2026-06-01,69.42134778828633
2026-06-02,134.46635536771225
2026-06-03,71.0190026095626
2026-06-04,71.68031276689116
2026-06-05,343.4630147796465
2026-06-06,72.72366366413816
2026-06-07,31.70690865400489
2026-06-08,80.70434467485434
2026-06-09,75.69709020104386
2026-06-10,35.859006948893374
2026-06-11,34.01620994112056
2026-06-12,26.59328421420752
2026-06-13,15.913654742920736
2026-06-14,23.18932250571567
2026-06-15,39.92818836957196
2026-06-16,46.629675008851535
2026-06-17,37.250553609055245
2026-06-18,36.75859743879733
2026-06-19,35.38232786078334
2026-06-20,36.40280475200662
2026-06-21,24.40589496308308
2026-06-22,33.01731229864228
2026-06-23,41.20566850406816
2026-06-24,69.27620619103887
2026-06-25,335.2603479944969
2026-06-26,47.25201022176599
2026-06-27,26.129679652413905
2026-06-28,16.95033329770807
2026-06-29,26.024579129385646
2026-06-30,28.366080215247024
2026-07-01,50.42375908077237
2026-07-02,165.46434856773422
2026-07-03,23.479379232072507
2026-07-04,36.316079654820726
2026-07-05,22.51284066625899
2026-07-06,26.34009200955952
2026-07-07,38.91088650507189
2026-07-08,26.53423407336935
2026-07-09,25.65772426356505
2026-07-10,38.08940640542615
2026-07-11,25.434548111636737
2026-07-12,20.66127153262972
2026-07-13,18.53599765967568
2026-07-14,42.386536065530976
2026-07-15,32.595590154963354
2026-07-16,39.772510662135
2026-07-17,31.079585694935737
2026-07-18,9.639062859055018
2026-07-19,7.421018264305134
2026-07-20,18.01891693973464
2026-07-21,16.410948927593985
2026-07-22,22.83144707146567
2026-07-23,52.425389870175785
2026-07-24,26.653760608009897
2026-07-25,15.598398179993897
2026-07-26,9.435116281370986
2026-07-27,50.31046194838722
2026-07-28,21.198284238884217
2026-07-29,62.38465663074052
2026-07-30,160.1817364955003
2026-07-31,139.08154078557544
