hour,baseFee_gwei
2026-05-02 11:00:00,0.217159387
2026-05-02 12:00:00,0.168610044
2026-05-02 13:00:00,0.19168268
2026-05-02 14:00:00,0.171502569
2026-05-02 15:00:00,0.255198306
2026-05-02 16:00:00,0.298832491
2026-05-02 17:00:00,0.247469092
2026-05-02 18:00:00,0.224759068
2026-05-02 19:00:00,0.325344804
2026-05-02 20:00:00,0.239400528
2026-05-02 21:00:00,0.319508664
2026-05-02 22:00:00,0.233657985
2026-05-02 23:00:00,0.350570873
2026-05-03 00:00:00,0.329902128
2026-05-03 01:00:00,0.364086306
2026-05-03 02:00:00,0.267176633
2026-05-03 03:00:00,0.317874453
2026-05-03 04:00:00,0.226695125
2026-05-03 05:00:00,0.273939301
2026-05-03 06:00:00,0.200053801
2026-05-03 07:00:00,0.17503805
2026-05-03 08:00:00,0.159552454
2026-05-03 09:00:00,0.170300197
2026-05-03 10:00:00,0.161038418
2026-05-03 11:00:00,0.154575702
2026-05-03 12:00:00,0.135845116
2026-05-03 13:00:00,0.175845393
2026-05-03 14:00:00,0.145625348
2026-05-03 15:00:00,0.128878368
2026-05-03 16:00:00,0.253172082
2026-05-03 17:00:00,0.164161487
2026-05-03 18:00:00,0.155753432
2026-05-03 19:00:00,0.15900194
2026-05-03 20:00:00,0.160569756
2026-05-03 21:00:00,0.18441908
2026-05-03 22:00:00,0.143878089
2026-05-03 23:00:00,0.25319355
2026-05-04 00:00:00,0.234964278
2026-05-04 01:00:00,0.254776559
2026-05-04 02:00:00,0.125185566
2026-05-04 03:00:00,0.241079311
2026-05-04 04:00:00,0.20782726
2026-05-04 05:00:00,0.230710401
2026-05-04 06:00:00,0.206427436
2026-05-04 07:00:00,0.190507461
2026-05-04 08:00:00,0.258409084
2026-05-04 09:00:00,0.233869978
2026-05-04 10:00:00,0.298130279
2026-05-04 11:00:00,0.961474791
2026-05-04 12:00:00,0.143212914
2026-05-04 13:00:00,0.224847832
2026-05-04 14:00:00,0.195940565
2026-05-04 15:00:00,0.156630449
2026-05-04 16:00:00,0.268336272
2026-05-04 17:00:00,0.273814827
2026-05-04 18:00:00,1.05025329
2026-05-04 19:00:00,0.558576845
2026-05-04 20:00:00,0.413266328
2026-05-04 21:00:00,0.43035815
2026-05-04 22:00:00,0.324859141
2026-05-04 23:00:00,1.46583539
2026-05-05 00:00:00,1.152986698
2026-05-05 01:00:00,1.194833646
2026-05-05 02:00:00,0.860459132
2026-05-05 03:00:00,0.512440067
2026-05-05 04:00:00,0.362222813
2026-05-05 05:00:00,3.292476077
2026-05-05 06:00:00,0.257431204
2026-05-05 07:00:00,0.176546875
2026-05-05 08:00:00,0.19023067
2026-05-05 09:00:00,0.114289892
2026-05-05 10:00:00,0.209827592
2026-05-05 11:00:00,0.140779221
2026-05-05 12:00:00,0.164319919
2026-05-05 13:00:00,0.111012194
2026-05-05 14:00:00,0.165178663
2026-05-05 15:00:00,0.142070351
2026-05-05 16:00:00,0.147227941
2026-05-05 17:00:00,0.316531075
2026-05-05 18:00:00,0.132578603
2026-05-05 19:00:00,0.146448173
2026-05-05 20:00:00,0.114594719
2026-05-05 21:00:00,0.250907172
2026-05-05 22:00:00,1.393993856
2026-05-05 23:00:00,0.37723272
2026-05-06 00:00:00,0.338629597
2026-05-06 01:00:00,0.320574978
2026-05-06 02:00:00,0.293692913
2026-05-06 03:00:00,0.153983945
2026-05-06 04:00:00,0.254689719
2026-05-06 05:00:00,0.145264856
2026-05-06 06:00:00,0.136337066
2026-05-06 07:00:00,0.111822228
2026-05-06 08:00:00,0.115659936
2026-05-06 09:00:00,0.09480989
2026-05-06 10:00:00,0.172545841
2026-05-06 11:00:00,0.121663896
2026-05-06 12:00:00,0.141867767
2026-05-06 13:00:00,0.106504744
2026-05-06 14:00:00,0.107240365
2026-05-06 15:00:00,0.116005718
2026-05-06 16:00:00,0.119610622
2026-05-06 17:00:00,0.189389528
2026-05-06 18:00:00,0.182564517
2026-05-06 19:00:00,0.190960806
2026-05-06 20:00:00,0.302141425
2026-05-06 21:00:00,0.62767905
2026-05-06 22:00:00,0.870540196
2026-05-06 23:00:00,0.598636928
2026-05-07 00:00:00,7.557636894
2026-05-07 01:00:00,8.335756717
2026-05-07 02:00:00,0.470306186
2026-05-07 03:00:00,0.293310365
2026-05-07 04:00:00,0.675349056
2026-05-07 05:00:00,0.204362406
2026-05-07 06:00:00,0.147866303
2026-05-07 07:00:00,0.09032586
2026-05-07 08:00:00,0.109942828
2026-05-07 09:00:00,0.138603658
2026-05-07 10:00:00,0.457865968
2026-05-07 11:00:00,0.354308824
2026-05-07 12:00:00,0.615047809
2026-05-07 13:00:00,0.108113506
2026-05-07 14:00:00,0.165475438
2026-05-07 15:00:00,0.149392084
2026-05-07 16:00:00,0.177577936
2026-05-07 17:00:00,0.247032896
2026-05-07 18:00:00,0.269532789
2026-05-07 19:00:00,1.033121383
2026-05-07 20:00:00,4.38657947
2026-05-07 21:00:00,1.951003344
2026-05-07 22:00:00,4.118492561
2026-05-07 23:00:00,1.410508572
2026-05-08 00:00:00,1.330423408
2026-05-08 01:00:00,0.425890461
2026-05-08 02:00:00,0.714641893
2026-05-08 03:00:00,1.758884923
2026-05-08 04:00:00,0.194130182
2026-05-08 05:00:00,1.299104638
2026-05-08 06:00:00,0.122619873
2026-05-08 07:00:00,0.105451682
2026-05-08 08:00:00,0.136307327
2026-05-08 09:00:00,0.127876492
2026-05-08 10:00:00,0.238436455
2026-05-08 11:00:00,0.294942079
2026-05-08 12:00:00,0.194133302
2026-05-08 13:00:00,0.447526936
2026-05-08 14:00:00,0.496725677
2026-05-08 15:00:00,0.449925488
2026-05-08 16:00:00,0.438753828
2026-05-08 17:00:00,0.660864391
2026-05-08 18:00:00,4.973373898
2026-05-08 19:00:00,2.352493099
2026-05-08 20:00:00,9.494276955
2026-05-08 21:00:00,1.621228216
2026-05-08 22:00:00,1.242740199
2026-05-08 23:00:00,1.034174188
2026-05-09 00:00:00,0.724560451
2026-05-09 01:00:00,0.602890318
2026-05-09 02:00:00,0.364305346
2026-05-09 03:00:00,0.219837599
2026-05-09 04:00:00,0.293603946
2026-05-09 05:00:00,0.137327679
2026-05-09 06:00:00,0.123219256
2026-05-09 07:00:00,0.112748777
2026-05-09 08:00:00,0.283177157
2026-05-09 09:00:00,0.152978769
2026-05-09 10:00:00,0.111007961
2026-05-09 11:00:00,0.129198164
2026-05-09 12:00:00,0.129245613
2026-05-09 13:00:00,0.103129498
2026-05-09 14:00:00,0.169026307
2026-05-09 15:00:00,0.21441857
2026-05-09 16:00:00,0.406281174
2026-05-09 17:00:00,0.134470635
2026-05-09 18:00:00,0.132717958
2026-05-09 19:00:00,0.148505693
2026-05-09 20:00:00,0.128972714
2026-05-09 21:00:00,0.110617934
2026-05-09 22:00:00,0.415479239
2026-05-09 23:00:00,0.287912376
2026-05-10 00:00:00,1.055617043
2026-05-10 01:00:00,0.278239426
2026-05-10 02:00:00,0.349007101
2026-05-10 03:00:00,0.249749029
2026-05-10 04:00:00,0.119411915
2026-05-10 05:00:00,0.131073238
2026-05-10 06:00:00,0.137217314
2026-05-10 07:00:00,0.105347543
2026-05-10 08:00:00,0.140091061
2026-05-10 09:00:00,0.134920111
2026-05-10 10:00:00,0.117642308
2026-05-10 11:00:00,0.090235693
2026-05-10 12:00:00,0.155499039
2026-05-10 13:00:00,0.306371103
2026-05-10 14:00:00,0.357721806
2026-05-10 15:00:00,0.191290469
2026-05-10 16:00:00,0.21875764
2026-05-10 17:00:00,0.132838874
2026-05-10 18:00:00,0.318104082
2026-05-10 19:00:00,0.245381207
2026-05-10 20:00:00,1.117926011
2026-05-10 21:00:00,0.454605862
2026-05-10 22:00:00,0.414190791
2026-05-10 23:00:00,0.8679446
2026-05-11 00:00:00,0.473112356
2026-05-11 01:00:00,0.316000545
2026-05-11 02:00:00,0.427146425
2026-05-11 03:00:00,0.275458796
2026-05-11 04:00:00,0.483601903
2026-05-11 05:00:00,0.314674082
2026-05-11 06:00:00,0.168083697
2026-05-11 07:00:00,0.121090337
2026-05-11 08:00:00,0.421649363
2026-05-11 09:00:00,0.336669079
2026-05-11 10:00:00,0.374839464
2026-05-11 11:00:00,0.615704445
2026-05-11 12:00:00,0.208841439
2026-05-11 13:00:00,0.197436115
2026-05-11 14:00:00,0.127046264
2026-05-11 15:00:00,0.303327475
2026-05-11 16:00:00,3.133206102
2026-05-11 17:00:00,0.828201204
2026-05-11 18:00:00,0.989726074
2026-05-11 19:00:00,0.48054399
2026-05-11 20:00:00,0.264216158
2026-05-11 21:00:00,6.565398195
2026-05-11 22:00:00,1.851285777
2026-05-11 23:00:00,2.477163969
2026-05-12 00:00:00,3.462608167
2026-05-12 01:00:00,0.866313365
2026-05-12 02:00:00,0.750590224
2026-05-12 03:00:00,0.295800917
2026-05-12 04:00:00,0.290563843
2026-05-12 05:00:00,0.34601713
2026-05-12 06:00:00,0.185130479
2026-05-12 07:00:00,0.122856114
2026-05-12 08:00:00,0.134974156
2026-05-12 09:00:00,0.228184466
2026-05-12 10:00:00,0.106536476
2026-05-12 11:00:00,0.117278344
2026-05-12 12:00:00,0.115677679
2026-05-12 13:00:00,0.115161603
2026-05-12 14:00:00,0.186599169
2026-05-12 15:00:00,0.25785411
2026-05-12 16:00:00,1.214950187
2026-05-12 17:00:00,0.895121572
2026-05-12 18:00:00,0.279679106
2026-05-12 19:00:00,0.391718469
2026-05-12 20:00:00,0.485993762
2026-05-12 21:00:00,0.49086329
2026-05-12 22:00:00,1.460372122
2026-05-12 23:00:00,2.141964259
2026-05-13 00:00:00,0.539602865
2026-05-13 01:00:00,0.379377746
2026-05-13 02:00:00,0.272614965
2026-05-13 03:00:00,0.228967172
2026-05-13 04:00:00,0.147668144
2026-05-13 05:00:00,0.099579848
2026-05-13 06:00:00,0.109897319
2026-05-13 07:00:00,0.123214725
2026-05-13 08:00:00,0.111901527
2026-05-13 09:00:00,0.107355519
2026-05-13 10:00:00,0.105844452
2026-05-13 11:00:00,0.095697716
2026-05-13 12:00:00,0.091176783
2026-05-13 13:00:00,0.116416914
2026-05-13 14:00:00,0.139650918
2026-05-13 15:00:00,0.117819928
2026-05-13 16:00:00,0.341388898
2026-05-13 17:00:00,0.149520614
2026-05-13 18:00:00,0.145654749
2026-05-13 19:00:00,0.120168269
2026-05-13 20:00:00,0.645277973
2026-05-13 21:00:00,0.708413693
2026-05-13 22:00:00,0.853745496
2026-05-13 23:00:00,0.774612748
2026-05-14 00:00:00,0.65993785
2026-05-14 01:00:00,0.325357583
2026-05-14 02:00:00,0.232348024
2026-05-14 03:00:00,0.164450852
2026-05-14 04:00:00,0.18503212
2026-05-14 05:00:00,0.106926415
2026-05-14 06:00:00,0.085305696
2026-05-14 07:00:00,0.106435178
2026-05-14 08:00:00,0.09662688
2026-05-14 09:00:00,0.099786676
2026-05-14 10:00:00,0.122111947
2026-05-14 11:00:00,0.156543474
2026-05-14 12:00:00,0.111217844
2026-05-14 13:00:00,0.126070815
2026-05-14 14:00:00,0.129857216
2026-05-14 15:00:00,0.188322
2026-05-14 16:00:00,0.171849888
2026-05-14 17:00:00,0.157528181
2026-05-14 18:00:00,0.26485594
2026-05-14 19:00:00,0.267204763
2026-05-14 20:00:00,0.436907762
2026-05-14 21:00:00,0.745382129
2026-05-14 22:00:00,0.875583361
2026-05-14 23:00:00,1.544218877
2026-05-15 00:00:00,1.190429234
2026-05-15 01:00:00,0.456840416
2026-05-15 02:00:00,0.477475016
2026-05-15 03:00:00,0.60745925
2026-05-15 04:00:00,0.454060726
2026-05-15 05:00:00,0.20983765
2026-05-15 06:00:00,0.130453553
2026-05-15 07:00:00,0.130884599
2026-05-15 08:00:00,0.123840773
2026-05-15 09:00:00,0.190181224
2026-05-15 10:00:00,0.115932121
2026-05-15 11:00:00,0.113196445
2026-05-15 12:00:00,0.141549861
2026-05-15 13:00:00,0.121506612
2026-05-15 14:00:00,0.126215115
2026-05-15 15:00:00,0.141716773
2026-05-15 16:00:00,0.125195409
2026-05-15 17:00:00,0.128833538
2026-05-15 18:00:00,0.19986444
2026-05-15 19:00:00,0.118019181
2026-05-15 20:00:00,0.205046847
2026-05-15 21:00:00,3.339268701
2026-05-15 22:00:00,0.570362916
2026-05-15 23:00:00,0.629534814
2026-05-16 00:00:00,5.8685648
2026-05-16 01:00:00,6.785631429
2026-05-16 02:00:00,7.801500627
2026-05-16 03:00:00,0.601818635
2026-05-16 04:00:00,0.220221072
2026-05-16 05:00:00,0.145761098
2026-05-16 06:00:00,0.15865199
2026-05-16 07:00:00,0.172775528
2026-05-16 08:00:00,0.149052167
2026-05-16 09:00:00,0.166187828
2026-05-16 10:00:00,0.152855785
2026-05-16 11:00:00,0.147513695
2026-05-16 12:00:00,0.129026275
2026-05-16 13:00:00,0.116516829
2026-05-16 14:00:00,0.20568535
2026-05-16 15:00:00,0.114513392
2026-05-16 16:00:00,0.144142729
2026-05-16 17:00:00,0.131156918
2026-05-16 18:00:00,0.134197396
2026-05-16 19:00:00,0.128301191
2026-05-16 20:00:00,0.227865093
2026-05-16 21:00:00,0.982876601
2026-05-16 22:00:00,1.683369447
2026-05-16 23:00:00,0.23099668
2026-05-17 00:00:00,0.308763704
2026-05-17 01:00:00,0.126790901
2026-05-17 02:00:00,0.108748517
2026-05-17 03:00:00,0.101650215
2026-05-17 04:00:00,0.097183038
2026-05-17 05:00:00,0.148180839
2026-05-17 06:00:00,0.127006697
2026-05-17 07:00:00,0.117107944
2026-05-17 08:00:00,0.175336585
2026-05-17 09:00:00,0.108848756
2026-05-17 10:00:00,0.099228904
2026-05-17 11:00:00,0.098059603
2026-05-17 12:00:00,0.108698982
2026-05-17 13:00:00,0.100462063
2026-05-17 14:00:00,0.104259286
2026-05-17 15:00:00,0.150156437
2026-05-17 16:00:00,0.131238861
2026-05-17 17:00:00,0.130377139
2026-05-17 18:00:00,0.118901995
2026-05-17 19:00:00,0.120160439
2026-05-17 20:00:00,0.202222034
2026-05-17 21:00:00,0.295951493
2026-05-17 22:00:00,0.716415446
2026-05-17 23:00:00,0.415838919
2026-05-18 00:00:00,0.161492751
2026-05-18 01:00:00,0.142883626
2026-05-18 02:00:00,0.178329488
2026-05-18 03:00:00,0.217355654
2026-05-18 04:00:00,0.124012581
2026-05-18 05:00:00,0.140773381
2026-05-18 06:00:00,0.127508664
2026-05-18 07:00:00,0.230973913
2026-05-18 08:00:00,0.101037595
2026-05-18 09:00:00,0.12083177
2026-05-18 10:00:00,0.147690114
2026-05-18 11:00:00,0.10165472
2026-05-18 12:00:00,0.212667863
2026-05-18 13:00:00,0.302042047
2026-05-18 14:00:00,0.386885699
2026-05-18 15:00:00,0.324373163
2026-05-18 16:00:00,0.17987843
2026-05-18 17:00:00,0.286089134
2026-05-18 18:00:00,0.200310832
2026-05-18 19:00:00,0.559749456
2026-05-18 20:00:00,0.246880506
2026-05-18 21:00:00,0.202331636
2026-05-18 22:00:00,0.451869174
2026-05-18 23:00:00,0.674058883
2026-05-19 00:00:00,0.346280071
2026-05-19 01:00:00,0.221410959
2026-05-19 02:00:00,0.216321356
2026-05-19 03:00:00,0.115950382
2026-05-19 04:00:00,0.148033194
2026-05-19 05:00:00,0.120850353
2026-05-19 06:00:00,0.137227231
2026-05-19 07:00:00,0.109890577
2026-05-19 08:00:00,0.108224194
2026-05-19 09:00:00,0.157727374
2026-05-19 10:00:00,0.16375797
2026-05-19 11:00:00,0.111669695
2026-05-19 12:00:00,0.116220832
2026-05-19 13:00:00,0.114625765
2026-05-19 14:00:00,0.150712125
2026-05-19 15:00:00,0.147740367
2026-05-19 16:00:00,0.114225056
2026-05-19 17:00:00,0.121783742
2026-05-19 18:00:00,0.101505768
2026-05-19 19:00:00,0.229151208
2026-05-19 20:00:00,0.191463759
2026-05-19 21:00:00,0.560780417
2026-05-19 22:00:00,0.275853378
2026-05-19 23:00:00,0.422039491
2026-05-20 00:00:00,0.196174494
2026-05-20 01:00:00,0.356194663
2026-05-20 02:00:00,0.177812293
2026-05-20 03:00:00,0.207850226
2026-05-20 04:00:00,0.126762167
2026-05-20 05:00:00,0.211756396
2026-05-20 06:00:00,0.16480359
2026-05-20 07:00:00,0.098895088
2026-05-20 08:00:00,0.098617755
2026-05-20 09:00:00,0.09300272
2026-05-20 10:00:00,0.099052431
2026-05-20 11:00:00,0.108569275
2026-05-20 12:00:00,0.095624069
2026-05-20 13:00:00,0.147591315
2026-05-20 14:00:00,0.215673204
2026-05-20 15:00:00,0.167833762
2026-05-20 16:00:00,0.18858315
2026-05-20 17:00:00,0.109224069
2026-05-20 18:00:00,0.14831284
2026-05-20 19:00:00,0.243361869
2026-05-20 20:00:00,0.353376511
2026-05-20 21:00:00,0.680221878
2026-05-20 22:00:00,0.775030859
2026-05-20 23:00:00,0.222923081
2026-05-21 00:00:00,0.275278946
2026-05-21 01:00:00,0.135809169
2026-05-21 02:00:00,0.113296388
2026-05-21 03:00:00,0.14231837
2026-05-21 04:00:00,0.123571293
2026-05-21 05:00:00,0.168572049
2026-05-21 06:00:00,0.131258912
2026-05-21 07:00:00,0.081124798
2026-05-21 08:00:00,0.083567922
2026-05-21 09:00:00,0.09537191
2026-05-21 10:00:00,0.185571009
2026-05-21 11:00:00,0.097736516
2026-05-21 12:00:00,0.091597727
2026-05-21 13:00:00,0.109466639
2026-05-21 14:00:00,0.094706128
2026-05-21 15:00:00,0.087345131
2026-05-21 16:00:00,0.102153058
2026-05-21 17:00:00,0.102043727
2026-05-21 18:00:00,0.09389631
2026-05-21 19:00:00,0.107470474
2026-05-21 20:00:00,0.103488176
2026-05-21 21:00:00,0.136751577
2026-05-21 22:00:00,0.362895848
2026-05-21 23:00:00,0.257855993
2026-05-22 00:00:00,0.479170872
2026-05-22 01:00:00,0.166513729
2026-05-22 02:00:00,0.114879407
2026-05-22 03:00:00,0.105164415
2026-05-22 04:00:00,0.112053352
2026-05-22 05:00:00,0.136781577
2026-05-22 06:00:00,0.104536491
2026-05-22 07:00:00,0.116574431
2026-05-22 08:00:00,0.089673695
2026-05-22 09:00:00,0.116655935
2026-05-22 10:00:00,0.104915905
2026-05-22 11:00:00,0.146280746
2026-05-22 12:00:00,0.098866808
2026-05-22 13:00:00,0.10047907
2026-05-22 14:00:00,0.125310895
2026-05-22 15:00:00,0.118139916
2026-05-22 16:00:00,0.100301926
2026-05-22 17:00:00,0.108844348
2026-05-22 18:00:00,0.369431517
2026-05-22 19:00:00,0.110253373
2026-05-22 20:00:00,0.142195769
2026-05-22 21:00:00,0.308632147
2026-05-22 22:00:00,0.249460563
2026-05-22 23:00:00,0.114083286
2026-05-23 00:00:00,0.111561784
2026-05-23 01:00:00,0.055756664
2026-05-23 02:00:00,0.113774474
2026-05-23 03:00:00,0.135176363
2026-05-23 04:00:00,0.072812076
2026-05-23 05:00:00,0.050459848
2026-05-23 06:00:00,0.106931309
2026-05-23 07:00:00,0.054296831
2026-05-23 08:00:00,0.046552353
2026-05-23 09:00:00,0.042839433
2026-05-23 10:00:00,0.104145949
2026-05-23 11:00:00,0.066479611
2026-05-23 12:00:00,0.096185986
2026-05-23 13:00:00,0.110568561
2026-05-23 14:00:00,0.089857506
2026-05-23 15:00:00,0.09364753
2026-05-23 16:00:00,0.077931241
2026-05-23 17:00:00,0.117366569
2026-05-23 18:00:00,0.096034615
2026-05-23 19:00:00,0.090566191
2026-05-23 20:00:00,0.160453238
2026-05-23 21:00:00,0.106944882
2026-05-23 22:00:00,0.158124891
2026-05-23 23:00:00,0.113151036
2026-05-24 00:00:00,0.144448505
2026-05-24 01:00:00,0.10506877
2026-05-24 02:00:00,0.098689834
2026-05-24 03:00:00,0.129470275
2026-05-24 04:00:00,0.126153847
2026-05-24 05:00:00,0.122259303
2026-05-24 06:00:00,0.085934784
2026-05-24 07:00:00,0.102599634
2026-05-24 08:00:00,0.150826684
2026-05-24 09:00:00,0.082116691
2026-05-24 10:00:00,0.108448417
2026-05-24 11:00:00,0.073692326
2026-05-24 12:00:00,0.063616626
2026-05-24 13:00:00,0.058720868
2026-05-24 14:00:00,0.091501785
2026-05-24 15:00:00,0.093403479
2026-05-24 16:00:00,0.097136173
2026-05-24 17:00:00,0.091216233
2026-05-24 18:00:00,0.090719141
2026-05-24 19:00:00,0.10296516
2026-05-24 20:00:00,0.128336432
2026-05-24 21:00:00,0.127088177
2026-05-24 22:00:00,0.090669227
2026-05-24 23:00:00,0.121132483
2026-05-25 00:00:00,0.097566925
2026-05-25 01:00:00,0.085817596
2026-05-25 02:00:00,0.069702724
2026-05-25 03:00:00,0.13140738
2026-05-25 04:00:00,0.144502451
2026-05-25 05:00:00,0.080273867
2026-05-25 06:00:00,0.096161422
2026-05-25 07:00:00,0.103567419
2026-05-25 08:00:00,0.065263195
2026-05-25 09:00:00,0.063529108
2026-05-25 10:00:00,0.092927983
2026-05-25 11:00:00,0.065577444
2026-05-25 12:00:00,0.066457486
2026-05-25 13:00:00,0.067763312
2026-05-25 14:00:00,0.067458427
2026-05-25 15:00:00,0.097248513
2026-05-25 16:00:00,0.091920123
2026-05-25 17:00:00,0.100671517
2026-05-25 18:00:00,0.097093257
2026-05-25 19:00:00,0.187047198
2026-05-25 20:00:00,0.238730832
2026-05-25 21:00:00,0.181056974
2026-05-25 22:00:00,0.232579035
2026-05-25 23:00:00,0.2336136
2026-05-26 00:00:00,0.20251206
2026-05-26 01:00:00,0.104422406
2026-05-26 02:00:00,0.176528884
2026-05-26 03:00:00,0.170581386
2026-05-26 04:00:00,0.139272453
2026-05-26 05:00:00,0.144344726
2026-05-26 06:00:00,0.114291982
2026-05-26 07:00:00,0.139657539
2026-05-26 08:00:00,0.101863466
2026-05-26 09:00:00,0.065354606
2026-05-26 10:00:00,0.069757217
2026-05-26 11:00:00,0.067942322
2026-05-26 12:00:00,0.061992298
2026-05-26 13:00:00,0.057379059
2026-05-26 14:00:00,0.152240093
2026-05-26 15:00:00,0.060955122
2026-05-26 16:00:00,0.05861279
2026-05-26 17:00:00,0.140544175
2026-05-26 18:00:00,0.124008573
2026-05-26 19:00:00,0.148815786
2026-05-26 20:00:00,0.228122278
2026-05-26 21:00:00,0.375639212
2026-05-26 22:00:00,0.457005532
2026-05-26 23:00:00,0.414776468
2026-05-27 00:00:00,0.208919195
2026-05-27 01:00:00,0.22964768
2026-05-27 02:00:00,0.11774622
2026-05-27 03:00:00,0.037799904
2026-05-27 04:00:00,0.045713805
2026-05-27 05:00:00,0.047058656
2026-05-27 06:00:00,0.048834353
2026-05-27 07:00:00,0.04174897
2026-05-27 08:00:00,0.05072078
2026-05-27 09:00:00,0.057835745
2026-05-27 10:00:00,0.055895861
2026-05-27 11:00:00,0.110921158
2026-05-27 12:00:00,0.062690155
2026-05-27 13:00:00,0.070592672
2026-05-27 14:00:00,0.123976629
2026-05-27 15:00:00,0.147398845
2026-05-27 16:00:00,0.174088514
2026-05-27 17:00:00,0.156077869
2026-05-27 18:00:00,0.166761284
2026-05-27 19:00:00,0.238205462
2026-05-27 20:00:00,0.438057177
2026-05-27 21:00:00,0.362607606
2026-05-27 22:00:00,0.319594712
2026-05-27 23:00:00,0.440627106
2026-05-28 00:00:00,0.21153725
2026-05-28 01:00:00,0.34526055
2026-05-28 02:00:00,0.17246229
2026-05-28 03:00:00,0.177560495
2026-05-28 04:00:00,0.2883131
2026-05-28 05:00:00,0.140422211
2026-05-28 06:00:00,0.159185388
2026-05-28 07:00:00,0.14504094
2026-05-28 08:00:00,0.11906803
2026-05-28 09:00:00,0.143659857
2026-05-28 10:00:00,0.423934105
2026-05-28 11:00:00,0.131447465
2026-05-28 12:00:00,0.164413443
2026-05-28 13:00:00,0.146121112
2026-05-28 14:00:00,0.186843683
2026-05-28 15:00:00,0.154240299
2026-05-28 16:00:00,0.198725661
2026-05-28 17:00:00,0.202160207
2026-05-28 18:00:00,0.170674122
2026-05-28 19:00:00,0.186708928
2026-05-28 20:00:00,2.638551353
2026-05-28 21:00:00,0.450542953
2026-05-28 22:00:00,0.54897758
2026-05-28 23:00:00,0.708497281
2026-05-29 00:00:00,0.308243308
2026-05-29 01:00:00,0.200055645
2026-05-29 02:00:00,0.21213945
2026-05-29 03:00:00,0.265879373
2026-05-29 04:00:00,0.211353184
2026-05-29 05:00:00,0.214772435
2026-05-29 06:00:00,0.216876361
2026-05-29 07:00:00,0.152154342
2026-05-29 08:00:00,0.182818796
2026-05-29 09:00:00,0.151037016
2026-05-29 10:00:00,0.163211566
2026-05-29 11:00:00,0.168926119
2026-05-29 12:00:00,0.152800512
2026-05-29 13:00:00,0.099290998
2026-05-29 14:00:00,0.121877119
2026-05-29 15:00:00,0.136025097
2026-05-29 16:00:00,0.188845778
2026-05-29 17:00:00,0.154760619
2026-05-29 18:00:00,0.163803869
2026-05-29 19:00:00,0.25347601
2026-05-29 20:00:00,0.679321387
2026-05-29 21:00:00,0.638312759
2026-05-29 22:00:00,0.746487701
2026-05-29 23:00:00,0.47623107
2026-05-30 00:00:00,0.259950216
2026-05-30 01:00:00,0.94344285
2026-05-30 02:00:00,0.566200359
2026-05-30 03:00:00,0.237054114
2026-05-30 04:00:00,0.177435427
2026-05-30 05:00:00,0.255566239
2026-05-30 06:00:00,0.167834221
2026-05-30 07:00:00,0.167827521
2026-05-30 08:00:00,0.195983337
2026-05-30 09:00:00,0.158073397
2026-05-30 10:00:00,0.222942445
2026-05-30 11:00:00,0.18248588
2026-05-30 12:00:00,0.195262733
2026-05-30 13:00:00,0.192989658
2026-05-30 14:00:00,0.177246325
2026-05-30 15:00:00,0.262297965
2026-05-30 16:00:00,0.248647541
2026-05-30 17:00:00,0.164152271
2026-05-30 18:00:00,0.186834826
2026-05-30 19:00:00,0.249070295
2026-05-30 20:00:00,0.235180839
2026-05-30 21:00:00,0.274770254
2026-05-30 22:00:00,0.17534831
2026-05-30 23:00:00,0.169593513
2026-05-31 00:00:00,0.163188122
2026-05-31 01:00:00,0.143410228
2026-05-31 02:00:00,0.167779856
2026-05-31 03:00:00,0.174962622
2026-05-31 04:00:00,0.142084937
2026-05-31 05:00:00,0.150830258
2026-05-31 06:00:00,0.10575774
2026-05-31 07:00:00,0.136535699
2026-05-31 08:00:00,0.162121963
2026-05-31 09:00:00,0.14676996
2026-05-31 10:00:00,0.145878737
2026-05-31 11:00:00,0.118325076
2026-05-31 12:00:00,0.128337266
2026-05-31 13:00:00,0.162717
2026-05-31 14:00:00,0.137246874
2026-05-31 15:00:00,0.124133223
2026-05-31 16:00:00,0.174211712
2026-05-31 17:00:00,0.121763642
2026-05-31 18:00:00,0.138507827
2026-05-31 19:00:00,0.263221068
2026-05-31 20:00:00,0.375841837
2026-05-31 21:00:00,0.205281267
2026-05-31 22:00:00,0.301349922
2026-05-31 23:00:00,0.209018682
2026-06-01 00:00:00,0.130754095
2026-06-01 01:00:00,0.114283668
2026-06-01 02:00:00,0.131256297
2026-06-01 03:00:00,0.125001683
2026-06-01 04:00:00,0.32355758
2026-06-01 05:00:00,0.159297281
2026-06-01 06:00:00,0.152150813
2026-06-01 07:00:00,0.117525484
2026-06-01 08:00:00,0.135219376
2026-06-01 09:00:00,0.105127437
2026-06-01 10:00:00,0.117860092
2026-06-01 11:00:00,0.15531849
2026-06-01 12:00:00,0.137352344
2026-06-01 13:00:00,0.136468322
2026-06-01 14:00:00,0.147998303
2026-06-01 15:00:00,0.172457256
2026-06-01 16:00:00,0.525891818
2026-06-01 17:00:00,0.197674643
2026-06-01 18:00:00,0.462547453
2026-06-01 19:00:00,0.403780805
2026-06-01 20:00:00,1.10737274
2026-06-01 21:00:00,0.4492706
2026-06-01 22:00:00,0.533325849
2026-06-01 23:00:00,0.352877002
2026-06-02 00:00:00,0.876784943
2026-06-02 01:00:00,0.28548468
2026-06-02 02:00:00,0.64867066
2026-06-02 03:00:00,0.219562863
2026-06-02 04:00:00,0.187239278
2026-06-02 05:00:00,0.332918866
2026-06-02 06:00:00,0.13672717
2026-06-02 07:00:00,0.132003967
2026-06-02 08:00:00,0.15273151
2026-06-02 09:00:00,0.144333176
2026-06-02 10:00:00,0.128592974
2026-06-02 11:00:00,0.12543749
2026-06-02 12:00:00,0.123199322
2026-06-02 13:00:00,0.145391996
2026-06-02 14:00:00,0.163555503
2026-06-02 15:00:00,0.221554063
2026-06-02 16:00:00,0.23279099
2026-06-02 17:00:00,0.213216317
2026-06-02 18:00:00,0.397817765
2026-06-02 19:00:00,0.388192222
2026-06-02 20:00:00,4.672390543
2026-06-02 21:00:00,4.4607227
2026-06-02 22:00:00,1.330760071
2026-06-02 23:00:00,0.783725022
2026-06-03 00:00:00,0.539013708
2026-06-03 01:00:00,0.697847667
2026-06-03 02:00:00,0.367630279
2026-06-03 03:00:00,0.209254763
2026-06-03 04:00:00,0.200324039
2026-06-03 05:00:00,0.634371781
2026-06-03 06:00:00,0.151868373
2026-06-03 07:00:00,0.236086494
2026-06-03 08:00:00,0.178307828
2026-06-03 09:00:00,0.247561761
2026-06-03 10:00:00,0.141199995
2026-06-03 11:00:00,0.372341601
2026-06-03 12:00:00,0.255947006
2026-06-03 13:00:00,0.13166758
2026-06-03 14:00:00,0.223883421
2026-06-03 15:00:00,0.203848234
2026-06-03 16:00:00,0.190889689
2026-06-03 17:00:00,0.31877455
2026-06-03 18:00:00,0.361368011
2026-06-03 19:00:00,0.770655242
2026-06-03 20:00:00,0.851014195
2026-06-03 21:00:00,1.506613721
2026-06-03 22:00:00,0.989237306
2026-06-03 23:00:00,0.528272934
2026-06-04 00:00:00,0.416208365
2026-06-04 01:00:00,0.287124478
2026-06-04 02:00:00,0.290817897
2026-06-04 03:00:00,0.490563424
2026-06-04 04:00:00,0.320946264
2026-06-04 05:00:00,0.30349412
2026-06-04 06:00:00,0.712365744
2026-06-04 07:00:00,0.543101258
2026-06-04 08:00:00,0.940670544
2026-06-04 09:00:00,0.289834283
2026-06-04 10:00:00,0.237990093
2026-06-04 11:00:00,0.247627453
2026-06-04 12:00:00,0.286348906
2026-06-04 13:00:00,0.446982212
2026-06-04 14:00:00,0.443812698
2026-06-04 15:00:00,0.567015539
2026-06-04 16:00:00,0.4258365
2026-06-04 17:00:00,0.892454585
2026-06-04 18:00:00,0.803776044
2026-06-04 19:00:00,0.995254398
2026-06-04 20:00:00,0.540344837
2026-06-04 21:00:00,0.532865338
2026-06-04 22:00:00,0.593597347
2026-06-04 23:00:00,0.361542067
2026-06-05 00:00:00,0.386581968
2026-06-05 01:00:00,0.234668049
2026-06-05 02:00:00,0.215398977
2026-06-05 03:00:00,0.241354854
2026-06-05 04:00:00,0.161920977
2026-06-05 05:00:00,0.151946472
2026-06-05 06:00:00,0.161515891
2026-06-05 07:00:00,0.188270216
2026-06-05 08:00:00,0.20153123
2026-06-05 09:00:00,0.220142105
2026-06-05 10:00:00,0.175325001
2026-06-05 11:00:00,0.637513875
2026-06-05 12:00:00,2.701554596
2026-06-05 13:00:00,0.996072941
2026-06-05 14:00:00,0.267397558
2026-06-05 15:00:00,0.234148748
2026-06-05 16:00:00,0.460286075
2026-06-05 17:00:00,0.256069032
2026-06-05 18:00:00,0.474336345
2026-06-05 19:00:00,1.315157911
2026-06-05 20:00:00,4.120115843
2026-06-05 21:00:00,3.609991334
2026-06-05 22:00:00,2.284162826
2026-06-05 23:00:00,0.777454092
2026-06-06 00:00:00,2.275705669
2026-06-06 01:00:00,1.191792347
2026-06-06 02:00:00,0.474544364
2026-06-06 03:00:00,0.234961471
2026-06-06 04:00:00,0.17870108
2026-06-06 05:00:00,0.169065893
2026-06-06 06:00:00,0.259377753
2026-06-06 07:00:00,0.172259159
2026-06-06 08:00:00,0.157476947
2026-06-06 09:00:00,0.121488742
2026-06-06 10:00:00,0.387130539
2026-06-06 11:00:00,0.150731393
2026-06-06 12:00:00,0.133472865
2026-06-06 13:00:00,0.177349881
2026-06-06 14:00:00,0.14723548
2026-06-06 15:00:00,0.157301005
2026-06-06 16:00:00,0.139279125
2026-06-06 17:00:00,0.126598402
2026-06-06 18:00:00,0.161759451
2026-06-06 19:00:00,0.153709475
2026-06-06 20:00:00,0.180404048
2026-06-06 21:00:00,0.133342169
2026-06-06 22:00:00,0.152844089
2026-06-06 23:00:00,0.151900765
2026-06-07 00:00:00,0.262495351
2026-06-07 01:00:00,0.144127114
2026-06-07 02:00:00,0.103732638
2026-06-07 03:00:00,0.074551587
2026-06-07 04:00:00,0.074122146
2026-06-07 05:00:00,0.066046957
2026-06-07 06:00:00,0.058446749
2026-06-07 07:00:00,0.046848116
2026-06-07 08:00:00,0.050037043
2026-06-07 09:00:00,0.059001108
2026-06-07 10:00:00,0.048539084
2026-06-07 11:00:00,0.098797062
2026-06-07 12:00:00,0.089215043
2026-06-07 13:00:00,0.103282708
2026-06-07 14:00:00,0.176745491
2026-06-07 15:00:00,0.099142333
2026-06-07 16:00:00,0.053528146
2026-06-07 17:00:00,0.055787707
2026-06-07 18:00:00,0.130327303
2026-06-07 19:00:00,0.153668122
2026-06-07 20:00:00,0.129594702
2026-06-07 21:00:00,0.32824733
2026-06-07 22:00:00,0.119982253
2026-06-07 23:00:00,0.11872422
2026-06-08 00:00:00,0.203156579
2026-06-08 01:00:00,0.234081802
2026-06-08 02:00:00,0.131162935
2026-06-08 03:00:00,0.102069844
2026-06-08 04:00:00,0.16066839
2026-06-08 05:00:00,0.112066913
2026-06-08 06:00:00,0.132012854
2026-06-08 07:00:00,0.179650602
2026-06-08 08:00:00,0.142349218
2026-06-08 09:00:00,0.221850912
2026-06-08 10:00:00,0.074769591
2026-06-08 11:00:00,0.118326436
2026-06-08 12:00:00,0.145361827
2026-06-08 13:00:00,0.143666146
2026-06-08 14:00:00,0.200949767
2026-06-08 15:00:00,0.12841858
2026-06-08 16:00:00,0.152718518
2026-06-08 17:00:00,0.227380997
2026-06-08 18:00:00,0.334243195
2026-06-08 19:00:00,0.903669842
2026-06-08 20:00:00,0.993045415
2026-06-08 21:00:00,0.463652498
2026-06-08 22:00:00,0.271055635
2026-06-08 23:00:00,0.215800726
2026-06-09 00:00:00,0.358967974
2026-06-09 01:00:00,0.335313323
2026-06-09 02:00:00,0.362249682
2026-06-09 03:00:00,0.983511534
2026-06-09 04:00:00,0.261795528
2026-06-09 05:00:00,0.354695576
2026-06-09 06:00:00,0.14499418
2026-06-09 07:00:00,0.103621832
2026-06-09 08:00:00,0.144758574
2026-06-09 09:00:00,0.1325964
2026-06-09 10:00:00,0.183146577
2026-06-09 11:00:00,0.156388889
2026-06-09 12:00:00,0.146314496
2026-06-09 13:00:00,0.16213021
2026-06-09 14:00:00,0.120328377
2026-06-09 15:00:00,0.125386611
2026-06-09 16:00:00,0.175695126
2026-06-09 17:00:00,0.183428681
2026-06-09 18:00:00,0.365616021
2026-06-09 19:00:00,0.414782114
2026-06-09 20:00:00,0.435077566
2026-06-09 21:00:00,0.641623763
2026-06-09 22:00:00,0.381490254
2026-06-09 23:00:00,0.21877295
2026-06-10 00:00:00,0.252136261
2026-06-10 01:00:00,0.176340106
2026-06-10 02:00:00,0.172765351
2026-06-10 03:00:00,0.176292066
2026-06-10 04:00:00,0.146512054
2026-06-10 05:00:00,0.125218923
2026-06-10 06:00:00,0.126232121
2026-06-10 07:00:00,0.11878204
2026-06-10 08:00:00,0.140885785
2026-06-10 09:00:00,0.151366146
2026-06-10 10:00:00,0.1447832
2026-06-10 11:00:00,0.142878932
2026-06-10 12:00:00,0.126896225
2026-06-10 13:00:00,0.16259114
2026-06-10 14:00:00,0.186435398
2026-06-10 15:00:00,0.143685652
2026-06-10 16:00:00,0.140081833
2026-06-10 17:00:00,0.13472107
2026-06-10 18:00:00,0.249672994
2026-06-10 19:00:00,0.336314497
2026-06-10 20:00:00,3.493368307
2026-06-10 21:00:00,0.464494667
2026-06-10 22:00:00,0.237339915
2026-06-10 23:00:00,0.161554343
2026-06-11 00:00:00,0.282533512
2026-06-11 01:00:00,0.155520082
2026-06-11 02:00:00,0.301497369
2026-06-11 03:00:00,0.250129353
2026-06-11 04:00:00,0.16532908
2026-06-11 05:00:00,0.253677764
2026-06-11 06:00:00,0.135984207
2026-06-11 07:00:00,0.15327894
2026-06-11 08:00:00,0.126190635
2026-06-11 09:00:00,0.122462069
2026-06-11 10:00:00,0.13846858
2026-06-11 11:00:00,0.147486674
2026-06-11 12:00:00,0.121079329
2026-06-11 13:00:00,0.253851131
2026-06-11 14:00:00,0.162149029
2026-06-11 15:00:00,0.150759269
2026-06-11 16:00:00,0.172684164
2026-06-11 17:00:00,0.195896697
2026-06-11 18:00:00,0.225790974
2026-06-11 19:00:00,0.183792198
2026-06-11 20:00:00,0.356957546
2026-06-11 21:00:00,0.336434904
2026-06-11 22:00:00,0.197789067
2026-06-11 23:00:00,0.185347913
2026-06-12 00:00:00,0.147180144
2026-06-12 01:00:00,0.138974156
2026-06-12 02:00:00,0.558931826
2026-06-12 03:00:00,0.111770735
2026-06-12 04:00:00,0.105546551
2026-06-12 05:00:00,0.104726557
2026-06-12 06:00:00,0.143861429
2026-06-12 07:00:00,0.13395823
2026-06-12 08:00:00,0.117848853
2026-06-12 09:00:00,0.130762373
2026-06-12 10:00:00,0.117050451
2026-06-12 11:00:00,0.109214567
2026-06-12 12:00:00,0.134527718
2026-06-12 13:00:00,0.129786764
2026-06-12 14:00:00,0.139046591
2026-06-12 15:00:00,0.124705388
2026-06-12 16:00:00,0.191151594
2026-06-12 17:00:00,0.164576869
2026-06-12 18:00:00,0.234681567
2026-06-12 19:00:00,0.553665479
2026-06-12 20:00:00,0.623700434
2026-06-12 21:00:00,0.375294902
2026-06-12 22:00:00,0.405948222
2026-06-12 23:00:00,0.164662927
2026-06-13 00:00:00,0.156833151
2026-06-13 01:00:00,0.111087327
2026-06-13 02:00:00,0.112074343
2026-06-13 03:00:00,0.14436386
2026-06-13 04:00:00,0.146210099
2026-06-13 05:00:00,0.120764661
2026-06-13 06:00:00,0.146284762
2026-06-13 07:00:00,0.122294031
2026-06-13 08:00:00,0.117146451
2026-06-13 09:00:00,0.121653217
2026-06-13 10:00:00,0.115111233
2026-06-13 11:00:00,0.120035768
2026-06-13 12:00:00,0.125387319
2026-06-13 13:00:00,0.103971835
2026-06-13 14:00:00,0.127823674
2026-06-13 15:00:00,0.130797509
2026-06-13 16:00:00,0.114872558
2026-06-13 17:00:00,0.155220585
2026-06-13 18:00:00,0.142648579
2026-06-13 19:00:00,0.130037875
2026-06-13 20:00:00,0.132840707
2026-06-13 21:00:00,0.114243327
2026-06-13 22:00:00,0.183290737
2026-06-13 23:00:00,0.123427174
2026-06-14 00:00:00,0.138745314
2026-06-14 01:00:00,0.149231722
2026-06-14 02:00:00,0.147670672
2026-06-14 03:00:00,0.11244403
2026-06-14 04:00:00,0.192685571
2026-06-14 05:00:00,0.122939579
2026-06-14 06:00:00,0.115626763
2026-06-14 07:00:00,0.10693232
2026-06-14 08:00:00,0.128138774
2026-06-14 09:00:00,0.135408634
2026-06-14 10:00:00,0.124596997
2026-06-14 11:00:00,0.123537421
2026-06-14 12:00:00,0.120693683
2026-06-14 13:00:00,0.117906343
2026-06-14 14:00:00,0.127617756
2026-06-14 15:00:00,0.126751577
2026-06-14 16:00:00,0.14778601
2026-06-14 17:00:00,0.127434594
2026-06-14 18:00:00,0.159054453
2026-06-14 19:00:00,0.127768033
2026-06-14 20:00:00,0.124989654
2026-06-14 21:00:00,0.134107269
2026-06-14 22:00:00,0.115690319
2026-06-14 23:00:00,0.084284146
2026-06-15 00:00:00,0.074759306
2026-06-15 01:00:00,0.062188578
2026-06-15 02:00:00,0.223971809
2026-06-15 03:00:00,0.06171229
2026-06-15 04:00:00,0.062901922
2026-06-15 05:00:00,0.056389956
2026-06-15 06:00:00,0.040440496
2026-06-15 07:00:00,0.061182002
2026-06-15 08:00:00,0.224316601
2026-06-15 09:00:00,0.064346509
2026-06-15 10:00:00,0.057765582
2026-06-15 11:00:00,0.054868579
2026-06-15 12:00:00,0.054362923
2026-06-15 13:00:00,0.08198185
2026-06-15 14:00:00,0.048677334
2026-06-15 15:00:00,0.06181169
2026-06-15 16:00:00,0.140453195
2026-06-15 17:00:00,0.466490238
2026-06-15 18:00:00,1.611039161
2026-06-15 19:00:00,0.552227833
2026-06-15 20:00:00,0.927761961
2026-06-15 21:00:00,0.472613697
2026-06-15 22:00:00,0.266079487
2026-06-15 23:00:00,0.190398567
2026-06-16 00:00:00,0.234465315
2026-06-16 01:00:00,0.104534216
2026-06-16 02:00:00,0.078246665
2026-06-16 03:00:00,0.064659285
2026-06-16 04:00:00,0.071248284
2026-06-16 05:00:00,0.067111551
2026-06-16 06:00:00,0.058412097
2026-06-16 07:00:00,0.068063105
2026-06-16 08:00:00,0.091801096
2026-06-16 09:00:00,0.159555016
2026-06-16 10:00:00,0.234392725
2026-06-16 11:00:00,0.073553421
2026-06-16 12:00:00,0.07998636
2026-06-16 13:00:00,0.150495593
2026-06-16 14:00:00,0.193814077
2026-06-16 15:00:00,0.073196205
2026-06-16 16:00:00,0.135463706
2026-06-16 17:00:00,0.222288653
2026-06-16 18:00:00,0.255349612
2026-06-16 19:00:00,0.314767844
2026-06-16 20:00:00,0.382508344
2026-06-16 21:00:00,0.205720343
2026-06-16 22:00:00,0.215061825
2026-06-16 23:00:00,0.18075443
2026-06-17 00:00:00,0.090486644
2026-06-17 01:00:00,0.073887826
2026-06-17 02:00:00,0.089711248
2026-06-17 03:00:00,0.11397647
2026-06-17 04:00:00,0.075820733
2026-06-17 05:00:00,0.082287315
2026-06-17 06:00:00,0.12292831
2026-06-17 07:00:00,0.064453587
2026-06-17 08:00:00,0.115994948
2026-06-17 09:00:00,0.094302249
2026-06-17 10:00:00,0.098229029
2026-06-17 11:00:00,0.114133157
2026-06-17 12:00:00,0.098999016
2026-06-17 13:00:00,0.135805159
2026-06-17 14:00:00,0.148382937
2026-06-17 15:00:00,0.130873208
2026-06-17 16:00:00,0.133848758
2026-06-17 17:00:00,0.365170515
2026-06-17 18:00:00,0.341211703
2026-06-17 19:00:00,0.447742374
2026-06-17 20:00:00,0.409214775
2026-06-17 21:00:00,0.208686234
2026-06-17 22:00:00,0.265165335
2026-06-17 23:00:00,0.133342313
2026-06-18 00:00:00,0.197648474
2026-06-18 01:00:00,0.168647747
2026-06-18 02:00:00,0.152837126
2026-06-18 03:00:00,0.125228556
2026-06-18 04:00:00,0.154251571
2026-06-18 05:00:00,0.143810493
2026-06-18 06:00:00,0.100423161
2026-06-18 07:00:00,0.122273468
2026-06-18 08:00:00,0.141510051
2026-06-18 09:00:00,0.115701095
2026-06-18 10:00:00,0.119116137
2026-06-18 11:00:00,0.122921242
2026-06-18 12:00:00,0.148103194
2026-06-18 13:00:00,0.120548675
2026-06-18 14:00:00,0.151421313
2026-06-18 15:00:00,0.19871715
2026-06-18 16:00:00,0.29682616
2026-06-18 17:00:00,0.190744946
2026-06-18 18:00:00,0.652880927
2026-06-18 19:00:00,0.407357675
2026-06-18 20:00:00,1.51647597
2026-06-18 21:00:00,0.38774198
2026-06-18 22:00:00,0.253571442
2026-06-18 23:00:00,0.155217785
2026-06-19 00:00:00,0.259037625
2026-06-19 01:00:00,0.156833433
2026-06-19 02:00:00,1.148900239
2026-06-19 03:00:00,0.188587068
2026-06-19 04:00:00,0.133161509
2026-06-19 05:00:00,0.118464971
2026-06-19 06:00:00,0.551877331
2026-06-19 07:00:00,0.131940964
2026-06-19 08:00:00,0.158335452
2026-06-19 09:00:00,0.11431239
2026-06-19 10:00:00,0.081904921
2026-06-19 11:00:00,0.099543881
2026-06-19 12:00:00,0.083486549
2026-06-19 13:00:00,0.095869336
2026-06-19 14:00:00,0.061351887
2026-06-19 15:00:00,0.088186124
2026-06-19 16:00:00,0.111803693
2026-06-19 17:00:00,0.220167847
2026-06-19 18:00:00,0.375654408
2026-06-19 19:00:00,0.457510306
2026-06-19 20:00:00,0.462780776
2026-06-19 21:00:00,0.23743124
2026-06-19 22:00:00,0.135001776
2026-06-19 23:00:00,0.161612091
2026-06-20 00:00:00,0.153272428
2026-06-20 01:00:00,0.192527942
2026-06-20 02:00:00,0.146546539
2026-06-20 03:00:00,0.156589051
2026-06-20 04:00:00,0.165416163
2026-06-20 05:00:00,0.112601119
2026-06-20 06:00:00,0.171192397
2026-06-20 07:00:00,0.106905075
2026-06-20 08:00:00,0.161760247
2026-06-20 09:00:00,0.17223045
2026-06-20 10:00:00,0.129523164
2026-06-20 11:00:00,0.140161662
2026-06-20 12:00:00,0.138744359
2026-06-20 13:00:00,0.141324227
2026-06-20 14:00:00,0.855624817
2026-06-20 15:00:00,0.329509517
2026-06-20 16:00:00,0.241081254
2026-06-20 17:00:00,0.18623707
2026-06-20 18:00:00,0.228436591
2026-06-20 19:00:00,0.138750998
2026-06-20 20:00:00,0.274800195
2026-06-20 21:00:00,0.133124963
2026-06-20 22:00:00,0.181672393
2026-06-20 23:00:00,0.123641922
2026-06-21 00:00:00,0.128628314
2026-06-21 01:00:00,0.088145498
2026-06-21 02:00:00,0.073626322
2026-06-21 03:00:00,0.067374204
2026-06-21 04:00:00,0.06125319
2026-06-21 05:00:00,0.06463833
2026-06-21 06:00:00,0.056201399
2026-06-21 07:00:00,0.12794865
2026-06-21 08:00:00,0.113695176
2026-06-21 09:00:00,0.114595354
2026-06-21 10:00:00,0.131637574
2026-06-21 11:00:00,0.111612895
2026-06-21 12:00:00,0.115334788
2026-06-21 13:00:00,0.120024832
2026-06-21 14:00:00,0.117810218
2026-06-21 15:00:00,0.111882739
2026-06-21 16:00:00,0.110017597
2026-06-21 17:00:00,0.062109769
2026-06-21 18:00:00,0.104086286
2026-06-21 19:00:00,0.128177166
2026-06-21 20:00:00,0.110702741
2026-06-21 21:00:00,0.139307863
2026-06-21 22:00:00,0.113638186
2026-06-21 23:00:00,0.109305646
2026-06-22 00:00:00,0.105109271
2026-06-22 01:00:00,0.194395061
2026-06-22 02:00:00,0.12276142
2026-06-22 03:00:00,0.078131458
2026-06-22 04:00:00,0.095131406
2026-06-22 05:00:00,0.110905422
2026-06-22 06:00:00,0.090294572
2026-06-22 07:00:00,0.064668633
2026-06-22 08:00:00,0.064835094
2026-06-22 09:00:00,0.068687022
2026-06-22 10:00:00,0.110883148
2026-06-22 11:00:00,0.131107772
2026-06-22 12:00:00,0.128267532
2026-06-22 13:00:00,0.123262295
2026-06-22 14:00:00,0.140772269
2026-06-22 15:00:00,0.120265505
2026-06-22 16:00:00,0.20059279
2026-06-22 17:00:00,0.159071727
2026-06-22 18:00:00,0.309134226
2026-06-22 19:00:00,0.408314794
2026-06-22 20:00:00,0.510583093
2026-06-22 21:00:00,0.196209344
2026-06-22 22:00:00,0.131226032
2026-06-22 23:00:00,0.147431388
2026-06-23 00:00:00,0.321851506
2026-06-23 01:00:00,0.160434021
2026-06-23 02:00:00,0.144500379
2026-06-23 03:00:00,0.176232201
2026-06-23 04:00:00,0.113130652
2026-06-23 05:00:00,0.107407626
2026-06-23 06:00:00,0.112577323
2026-06-23 07:00:00,0.117313655
2026-06-23 08:00:00,0.094528434
2026-06-23 09:00:00,0.171843
2026-06-23 10:00:00,0.521889465
2026-06-23 11:00:00,0.181638929
2026-06-23 12:00:00,0.403601368
2026-06-23 13:00:00,0.180227391
2026-06-23 14:00:00,0.215519791
2026-06-23 15:00:00,0.256987322
2026-06-23 16:00:00,0.133023682
2026-06-23 17:00:00,0.287856222
2026-06-23 18:00:00,0.27242614
2026-06-23 19:00:00,0.517202783
2026-06-23 20:00:00,0.504739871
2026-06-23 21:00:00,0.287168066
2026-06-23 22:00:00,0.221432324
2026-06-23 23:00:00,0.283219905
2026-06-24 00:00:00,0.279717382
2026-06-24 01:00:00,0.277168601
2026-06-24 02:00:00,0.244285209
2026-06-24 03:00:00,0.140653641
2026-06-24 04:00:00,0.179093301
2026-06-24 05:00:00,0.118676909
2026-06-24 06:00:00,0.112229758
2026-06-24 07:00:00,0.126116126
2026-06-24 08:00:00,0.073431765
2026-06-24 09:00:00,0.072589137
2026-06-24 10:00:00,0.072183603
2026-06-24 11:00:00,0.266598646
2026-06-24 12:00:00,0.07748633
2026-06-24 13:00:00,0.124601694
2026-06-24 14:00:00,0.13285711
2026-06-24 15:00:00,0.136164957
2026-06-24 16:00:00,0.115628373
2026-06-24 17:00:00,0.961123373
2026-06-24 18:00:00,0.654065051
2026-06-24 19:00:00,0.426376134
2026-06-24 20:00:00,0.461098391
2026-06-24 21:00:00,1.932548187
2026-06-24 22:00:00,0.85817853
2026-06-24 23:00:00,0.18841623
2026-06-25 00:00:00,0.215624248
2026-06-25 01:00:00,0.141911128
2026-06-25 02:00:00,0.087256049
2026-06-25 03:00:00,0.114399529
2026-06-25 04:00:00,0.154272051
2026-06-25 05:00:00,0.091854501
2026-06-25 06:00:00,0.076073179
2026-06-25 07:00:00,0.083697656
2026-06-25 08:00:00,0.071675801
2026-06-25 09:00:00,0.107116141
2026-06-25 10:00:00,0.131503013
2026-06-25 11:00:00,0.406794116
2026-06-25 12:00:00,0.141210325
2026-06-25 13:00:00,0.540372456
2026-06-25 14:00:00,0.116908766
2026-06-25 15:00:00,0.659423813
2026-06-25 16:00:00,0.403579239
2026-06-25 17:00:00,0.861691499
2026-06-25 18:00:00,2.649001276
2026-06-25 19:00:00,0.681363768
2026-06-25 20:00:00,1.139407369
2026-06-25 21:00:00,0.514090593
2026-06-25 22:00:00,0.29050152
2026-06-25 23:00:00,0.191053524
2026-06-26 00:00:00,0.128824981
2026-06-26 01:00:00,0.147945237
2026-06-26 02:00:00,0.182433519
2026-06-26 03:00:00,0.102657588
2026-06-26 04:00:00,0.122083125
2026-06-26 05:00:00,0.121970344
2026-06-26 06:00:00,0.115192797
2026-06-26 07:00:00,0.214551202
2026-06-26 08:00:00,0.173183506
2026-06-26 09:00:00,0.168700383
2026-06-26 10:00:00,0.205177974
2026-06-26 11:00:00,0.225928228
2026-06-26 12:00:00,0.145665838
2026-06-26 13:00:00,0.116998515
2026-06-26 14:00:00,0.14169391
2026-06-26 15:00:00,0.108762879
2026-06-26 16:00:00,0.5151088
2026-06-26 17:00:00,2.171977234
2026-06-26 18:00:00,0.618943744
2026-06-26 19:00:00,2.495864236
2026-06-26 20:00:00,0.444553117
2026-06-26 21:00:00,0.402574171
2026-06-26 22:00:00,0.204701897
2026-06-26 23:00:00,0.110198185
2026-06-27 00:00:00,0.076464536
2026-06-27 01:00:00,0.064131787
2026-06-27 02:00:00,0.064356502
2026-06-27 03:00:00,0.117577237
2026-06-27 04:00:00,0.069094571
2026-06-27 05:00:00,0.110127208
2026-06-27 06:00:00,0.163040015
2026-06-27 07:00:00,0.085109796
2026-06-27 08:00:00,0.104562693
2026-06-27 09:00:00,0.065005982
2026-06-27 10:00:00,0.104221153
2026-06-27 11:00:00,0.105548503
2026-06-27 12:00:00,0.106203779
2026-06-27 13:00:00,0.118565926
2026-06-27 14:00:00,0.109981162
2026-06-27 15:00:00,0.093066137
2026-06-27 16:00:00,0.096654197
2026-06-27 17:00:00,0.101285293
2026-06-27 18:00:00,0.082838873
2026-06-27 19:00:00,0.091019944
2026-06-27 20:00:00,0.103442766
2026-06-27 21:00:00,0.105749181
2026-06-27 22:00:00,0.083765825
2026-06-27 23:00:00,0.071516233
2026-06-28 00:00:00,0.065482442
2026-06-28 01:00:00,0.066649295
2026-06-28 02:00:00,0.063897746
2026-06-28 03:00:00,0.061147255
2026-06-28 04:00:00,0.070911684
2026-06-28 05:00:00,0.061420272
2026-06-28 06:00:00,0.065261519
2026-06-28 07:00:00,0.06304534
2026-06-28 08:00:00,0.072721876
2026-06-28 09:00:00,0.076363063
2026-06-28 10:00:00,0.0658654
2026-06-28 11:00:00,0.086677676
2026-06-28 12:00:00,0.065270286
2026-06-28 13:00:00,0.069148246
2026-06-28 14:00:00,0.065505745
2026-06-28 15:00:00,0.071360932
2026-06-28 16:00:00,0.068887427
2026-06-28 17:00:00,0.083874011
2026-06-28 18:00:00,0.075793827
2026-06-28 19:00:00,0.081636883
2026-06-28 20:00:00,0.073240832
2026-06-28 21:00:00,0.068448376
2026-06-28 22:00:00,0.067099266
2026-06-28 23:00:00,0.068918759
2026-06-29 00:00:00,0.072334739
2026-06-29 01:00:00,0.074911144
2026-06-29 02:00:00,0.077113071
2026-06-29 03:00:00,0.068645807
2026-06-29 04:00:00,0.061658108
2026-06-29 05:00:00,0.067902175
2026-06-29 06:00:00,0.06942769
2026-06-29 07:00:00,0.063095819
2026-06-29 08:00:00,0.065964331
2026-06-29 09:00:00,0.099241591
2026-06-29 10:00:00,0.066422587
2026-06-29 11:00:00,0.063777907
2026-06-29 12:00:00,0.061642098
2026-06-29 13:00:00,0.065938372
2026-06-29 14:00:00,0.063163017
2026-06-29 15:00:00,0.149324175
2026-06-29 16:00:00,0.141044378
2026-06-29 17:00:00,0.27036574
2026-06-29 18:00:00,2.18220177
2026-06-29 19:00:00,0.209374695
2026-06-29 20:00:00,0.309775955
2026-06-29 21:00:00,0.26762724
2026-06-29 22:00:00,0.119217219
2026-06-29 23:00:00,0.085261735
2026-06-30 00:00:00,0.11653551
2026-06-30 01:00:00,0.062800047
2026-06-30 02:00:00,0.065360768
2026-06-30 03:00:00,0.063457418
2026-06-30 04:00:00,0.058596048
2026-06-30 05:00:00,0.066691044
2026-06-30 06:00:00,0.098387312
2026-06-30 07:00:00,0.095134971
2026-06-30 08:00:00,0.063664162
2026-06-30 09:00:00,0.091297197
2026-06-30 10:00:00,0.074336609
2026-06-30 11:00:00,0.130332522
2026-06-30 12:00:00,0.071850621
2026-06-30 13:00:00,0.059591126
2026-06-30 14:00:00,0.073708919
2026-06-30 15:00:00,0.1005939
2026-06-30 16:00:00,0.539277941
2026-06-30 17:00:00,0.623104371
2026-06-30 18:00:00,0.567512473
2026-06-30 19:00:00,1.006649707
2026-06-30 20:00:00,0.603958106
2026-06-30 21:00:00,0.423881973
2026-06-30 22:00:00,0.206782188
2026-06-30 23:00:00,0.263625831
2026-07-01 00:00:00,0.180675083
2026-07-01 01:00:00,0.079129891
2026-07-01 02:00:00,0.060664346
2026-07-01 03:00:00,0.067236674
2026-07-01 04:00:00,0.101520346
2026-07-01 05:00:00,0.067460992
2026-07-01 06:00:00,0.060715711
2026-07-01 07:00:00,0.076938563
2026-07-01 08:00:00,0.075905976
2026-07-01 09:00:00,0.071372384
2026-07-01 10:00:00,0.091183903
2026-07-01 11:00:00,0.153093031
2026-07-01 12:00:00,0.145001413
2026-07-01 13:00:00,0.27847646
2026-07-01 14:00:00,0.225332097
2026-07-01 15:00:00,0.219967938
2026-07-01 16:00:00,0.28810702
2026-07-01 17:00:00,0.955204753
2026-07-01 18:00:00,0.903426526
2026-07-01 19:00:00,0.338712565
2026-07-01 20:00:00,1.107815126
2026-07-01 21:00:00,0.220463584
2026-07-01 22:00:00,0.204978419
2026-07-01 23:00:00,0.184224774
2026-07-02 00:00:00,0.173348859
2026-07-02 01:00:00,0.074757167
2026-07-02 02:00:00,0.066809263
2026-07-02 03:00:00,0.082132215
2026-07-02 04:00:00,0.077391616
2026-07-02 05:00:00,0.117518465
2026-07-02 06:00:00,0.081790689
2026-07-02 07:00:00,0.106354384
2026-07-02 08:00:00,0.066365509
2026-07-02 09:00:00,0.06604847
2026-07-02 10:00:00,0.106484004
2026-07-02 11:00:00,0.079367571
2026-07-02 12:00:00,0.167918746
2026-07-02 13:00:00,0.165930823
2026-07-02 14:00:00,0.148505062
2026-07-02 15:00:00,0.301089796
2026-07-02 16:00:00,0.693954559
2026-07-02 17:00:00,2.328630573
2026-07-02 18:00:00,0.997606588
2026-07-02 19:00:00,1.031813045
2026-07-02 20:00:00,0.430299993
2026-07-02 21:00:00,0.320338012
2026-07-02 22:00:00,0.39415379
2026-07-02 23:00:00,0.180427211
2026-07-03 00:00:00,0.232405546
2026-07-03 01:00:00,0.161122144
2026-07-03 02:00:00,0.102218634
2026-07-03 03:00:00,0.084651832
2026-07-03 04:00:00,0.098372183
2026-07-03 05:00:00,0.198779623
2026-07-03 06:00:00,0.103768355
2026-07-03 07:00:00,0.081318981
2026-07-03 08:00:00,0.069338669
2026-07-03 09:00:00,0.094386134
2026-07-03 10:00:00,0.073999782
2026-07-03 11:00:00,0.086412363
2026-07-03 12:00:00,0.108456722
2026-07-03 13:00:00,0.102247033
2026-07-03 14:00:00,0.118397679
2026-07-03 15:00:00,0.127112604
2026-07-03 16:00:00,0.154750798
2026-07-03 17:00:00,0.154083057
2026-07-03 18:00:00,0.164000508
2026-07-03 19:00:00,0.174559819
2026-07-03 20:00:00,0.110875681
2026-07-03 21:00:00,0.093752824
2026-07-03 22:00:00,0.090467826
2026-07-03 23:00:00,0.073008107
2026-07-04 00:00:00,0.073408841
2026-07-04 01:00:00,0.067629193
2026-07-04 02:00:00,0.064178548
2026-07-04 03:00:00,0.068208124
2026-07-04 04:00:00,0.060370933
2026-07-04 05:00:00,0.0573534
2026-07-04 06:00:00,0.080224764
2026-07-04 07:00:00,0.112752855
2026-07-04 08:00:00,0.07656256
2026-07-04 09:00:00,0.065527332
2026-07-04 10:00:00,0.064998696
2026-07-04 11:00:00,0.061661219
2026-07-04 12:00:00,0.072180576
2026-07-04 13:00:00,0.08203917
2026-07-04 14:00:00,0.082018104
2026-07-04 15:00:00,0.079186665
2026-07-04 16:00:00,0.112816164
2026-07-04 17:00:00,0.09150838
2026-07-04 18:00:00,0.132209315
2026-07-04 19:00:00,0.157707857
2026-07-04 20:00:00,0.096005876
2026-07-04 21:00:00,0.083095774
2026-07-04 22:00:00,0.102844388
2026-07-04 23:00:00,0.093102224
2026-07-05 00:00:00,0.07069104
2026-07-05 01:00:00,0.077871598
2026-07-05 02:00:00,0.073277272
2026-07-05 03:00:00,0.083937609
2026-07-05 04:00:00,0.096649734
2026-07-05 05:00:00,0.078286659
2026-07-05 06:00:00,0.065598564
2026-07-05 07:00:00,0.071963331
2026-07-05 08:00:00,0.086857088
2026-07-05 09:00:00,0.066012627
2026-07-05 10:00:00,0.070905532
2026-07-05 11:00:00,0.085123523
2026-07-05 12:00:00,0.200822412
2026-07-05 13:00:00,0.082551749
2026-07-05 14:00:00,0.123339778
2026-07-05 15:00:00,0.07670135
2026-07-05 16:00:00,0.117408905
2026-07-05 17:00:00,0.067401535
2026-07-05 18:00:00,0.102191475
2026-07-05 19:00:00,0.162622417
2026-07-05 20:00:00,0.126085929
2026-07-05 21:00:00,0.168665478
2026-07-05 22:00:00,0.083946041
2026-07-05 23:00:00,0.066860381
2026-07-06 00:00:00,0.073009675
2026-07-06 01:00:00,0.078608509
2026-07-06 02:00:00,0.075935016
2026-07-06 03:00:00,0.116582842
2026-07-06 04:00:00,0.063807911
2026-07-06 05:00:00,0.071908955
2026-07-06 06:00:00,0.090928854
2026-07-06 07:00:00,0.08094642
2026-07-06 08:00:00,0.062586519
2026-07-06 09:00:00,0.086889401
2026-07-06 10:00:00,0.100823729
2026-07-06 11:00:00,0.107455153
2026-07-06 12:00:00,0.148028386
2026-07-06 13:00:00,0.302245805
2026-07-06 14:00:00,0.144576829
2026-07-06 15:00:00,0.179495162
2026-07-06 16:00:00,0.502998506
2026-07-06 17:00:00,0.234848419
2026-07-06 18:00:00,0.226565626
2026-07-06 19:00:00,0.209089547
2026-07-06 20:00:00,0.251950503
2026-07-06 21:00:00,0.450509113
2026-07-06 22:00:00,0.146973387
2026-07-06 23:00:00,0.145286879
2026-07-07 00:00:00,0.204121967
2026-07-07 01:00:00,0.109280186
2026-07-07 02:00:00,0.094704675
2026-07-07 03:00:00,0.073112672
2026-07-07 04:00:00,0.072277193
2026-07-07 05:00:00,0.076166553
2026-07-07 06:00:00,0.159626611
2026-07-07 07:00:00,0.07514715
2026-07-07 08:00:00,0.072702431
2026-07-07 09:00:00,0.081243032
2026-07-07 10:00:00,0.163303722
2026-07-07 11:00:00,0.136268466
2026-07-07 12:00:00,0.234288763
2026-07-07 13:00:00,0.121593845
2026-07-07 14:00:00,0.128895161
2026-07-07 15:00:00,0.25907341
2026-07-07 16:00:00,0.34396558
2026-07-07 17:00:00,0.344625416
2026-07-07 18:00:00,0.293282298
2026-07-07 19:00:00,0.25924484
2026-07-07 20:00:00,0.117751045
2026-07-07 21:00:00,0.15893301
2026-07-07 22:00:00,0.165386185
2026-07-07 23:00:00,0.079210585
2026-07-08 00:00:00,0.066848188
2026-07-08 01:00:00,0.065895743
2026-07-08 02:00:00,0.064920947
2026-07-08 03:00:00,0.059867063
2026-07-08 04:00:00,0.071858811
2026-07-08 05:00:00,0.115704299
2026-07-08 06:00:00,0.073188065
2026-07-08 07:00:00,0.064639132
2026-07-08 08:00:00,0.092857876
2026-07-08 09:00:00,0.076635341
2026-07-08 10:00:00,0.081712579
2026-07-08 11:00:00,0.117666129
2026-07-08 12:00:00,0.123019134
2026-07-08 13:00:00,0.092039656
2026-07-08 14:00:00,0.101140561
2026-07-08 15:00:00,0.182584957
2026-07-08 16:00:00,0.150118298
2026-07-08 17:00:00,0.39417227
2026-07-08 18:00:00,1.043201781
2026-07-08 19:00:00,0.20810954
2026-07-08 20:00:00,0.232199334
2026-07-08 21:00:00,0.088825945
2026-07-08 22:00:00,0.066230714
2026-07-08 23:00:00,0.231457155
2026-07-09 00:00:00,0.090660182
2026-07-09 01:00:00,0.108865532
2026-07-09 02:00:00,0.109161448
2026-07-09 03:00:00,0.08261785
2026-07-09 04:00:00,0.083717212
2026-07-09 05:00:00,0.119823618
2026-07-09 06:00:00,0.227879953
2026-07-09 07:00:00,0.098991938
2026-07-09 08:00:00,0.099096484
2026-07-09 09:00:00,0.085939824
2026-07-09 10:00:00,0.064079433
2026-07-09 11:00:00,0.061688221
2026-07-09 12:00:00,0.068043231
2026-07-09 13:00:00,0.060276516
2026-07-09 14:00:00,0.084066249
2026-07-09 15:00:00,0.188540143
2026-07-09 16:00:00,0.147672016
2026-07-09 17:00:00,0.100074432
2026-07-09 18:00:00,0.10058483
2026-07-09 19:00:00,0.079709843
2026-07-09 20:00:00,0.070941696
2026-07-09 21:00:00,0.062885355
2026-07-09 22:00:00,0.067330232
2026-07-09 23:00:00,0.134159073
2026-07-10 00:00:00,0.074940649
2026-07-10 01:00:00,0.071755261
2026-07-10 02:00:00,0.097661669
2026-07-10 03:00:00,0.066064512
2026-07-10 04:00:00,0.069801841
2026-07-10 05:00:00,0.051995745
2026-07-10 06:00:00,0.073582883
2026-07-10 07:00:00,0.063661585
2026-07-10 08:00:00,0.069425929
2026-07-10 09:00:00,0.071580081
2026-07-10 10:00:00,0.082725857
2026-07-10 11:00:00,0.114752852
2026-07-10 12:00:00,0.169297386
2026-07-10 13:00:00,0.127709363
2026-07-10 14:00:00,0.148646728
2026-07-10 15:00:00,0.307029428
2026-07-10 16:00:00,0.224171006
2026-07-10 17:00:00,0.261507941
2026-07-10 18:00:00,0.125954818
2026-07-10 19:00:00,0.232025551
2026-07-10 20:00:00,0.107267655
2026-07-10 21:00:00,0.064066168
2026-07-10 22:00:00,0.11926248
2026-07-10 23:00:00,0.086735925
2026-07-11 00:00:00,0.098164413
2026-07-11 01:00:00,0.136810519
2026-07-11 02:00:00,0.10878284
2026-07-11 03:00:00,0.193444682
2026-07-11 04:00:00,0.125998232
2026-07-11 05:00:00,0.103437434
2026-07-11 06:00:00,0.0814406
2026-07-11 07:00:00,0.065936743
2026-07-11 08:00:00,0.085110723
2026-07-11 09:00:00,0.069318127
2026-07-11 10:00:00,0.082862973
2026-07-11 11:00:00,0.067569671
2026-07-11 12:00:00,0.108204597
2026-07-11 13:00:00,0.096519018
2026-07-11 14:00:00,0.078951237
2026-07-11 15:00:00,0.10958463
2026-07-11 16:00:00,0.174560443
2026-07-11 17:00:00,0.156947402
2026-07-11 18:00:00,0.157823642
2026-07-11 19:00:00,0.225682846
2026-07-11 20:00:00,0.088130322
2026-07-11 21:00:00,0.117034306
2026-07-11 22:00:00,0.113724775
2026-07-11 23:00:00,0.105560519
2026-07-12 00:00:00,0.129354882
2026-07-12 01:00:00,0.090621482
2026-07-12 02:00:00,0.136098373
2026-07-12 03:00:00,0.075816957
2026-07-12 04:00:00,0.078663272
2026-07-12 05:00:00,0.07027098
2026-07-12 06:00:00,0.06506114
2026-07-12 07:00:00,0.062633607
2026-07-12 08:00:00,0.0622554
2026-07-12 09:00:00,0.056878619
2026-07-12 10:00:00,0.092077942
2026-07-12 11:00:00,0.081112785
2026-07-12 12:00:00,0.088799247
2026-07-12 13:00:00,0.081854022
2026-07-12 14:00:00,0.080063193
2026-07-12 15:00:00,0.083598751
2026-07-12 16:00:00,0.0934676
2026-07-12 17:00:00,0.173988801
2026-07-12 18:00:00,0.08351022
2026-07-12 19:00:00,0.087012904
2026-07-12 20:00:00,0.075258882
2026-07-12 21:00:00,0.065855312
2026-07-12 22:00:00,0.065063307
2026-07-12 23:00:00,0.060650746
2026-07-13 00:00:00,0.06588714
2026-07-13 01:00:00,0.035870547
2026-07-13 02:00:00,0.084882727
2026-07-13 03:00:00,0.087312147
2026-07-13 04:00:00,0.057763695
2026-07-13 05:00:00,0.084631694
2026-07-13 06:00:00,0.056907704
2026-07-13 07:00:00,0.052375528
2026-07-13 08:00:00,0.057422017
2026-07-13 09:00:00,0.095096104
2026-07-13 10:00:00,0.068495938
2026-07-13 11:00:00,0.067867887
2026-07-13 12:00:00,0.090899091
2026-07-13 13:00:00,0.111935118
2026-07-13 14:00:00,0.083875297
2026-07-13 15:00:00,0.195897864
2026-07-13 16:00:00,0.154316864
2026-07-13 17:00:00,0.233038312
2026-07-13 18:00:00,0.137494007
2026-07-13 19:00:00,0.196373377
2026-07-13 20:00:00,0.22801163
2026-07-13 21:00:00,0.214573968
2026-07-13 22:00:00,0.104572468
2026-07-13 23:00:00,0.061985174
2026-07-14 00:00:00,0.099781022
2026-07-14 01:00:00,0.132617439
2026-07-14 02:00:00,0.13439363
2026-07-14 03:00:00,0.118783216
2026-07-14 04:00:00,0.100194954
2026-07-14 05:00:00,0.074049743
2026-07-14 06:00:00,0.06778909
2026-07-14 07:00:00,0.07075949
2026-07-14 08:00:00,0.121274762
2026-07-14 09:00:00,0.189233542
2026-07-14 10:00:00,0.182959896
2026-07-14 11:00:00,0.127141254
2026-07-14 12:00:00,0.202697412
2026-07-14 13:00:00,0.091886971
2026-07-14 14:00:00,0.377307505
2026-07-14 15:00:00,0.688798747
2026-07-14 16:00:00,0.36862879
2026-07-14 17:00:00,0.712000589
2026-07-14 18:00:00,0.285004423
2026-07-14 19:00:00,0.173398861
2026-07-14 20:00:00,0.158743434
2026-07-14 21:00:00,0.170639497
2026-07-14 22:00:00,0.080474264
2026-07-14 23:00:00,0.077504617
2026-07-15 00:00:00,0.258164486
2026-07-15 01:00:00,0.083122368
2026-07-15 02:00:00,0.067361746
2026-07-15 03:00:00,0.080685789
2026-07-15 04:00:00,0.107757584
2026-07-15 05:00:00,0.06436095
2026-07-15 06:00:00,0.07420493
2026-07-15 07:00:00,0.096531579
2026-07-15 08:00:00,0.12002677
2026-07-15 09:00:00,0.138915767
2026-07-15 10:00:00,0.117577534
2026-07-15 11:00:00,0.103362533
2026-07-15 12:00:00,0.078394823
2026-07-15 13:00:00,0.076346436
2026-07-15 14:00:00,0.111187347
2026-07-15 15:00:00,0.311810446
2026-07-15 16:00:00,0.224609848
2026-07-15 17:00:00,0.254666031
2026-07-15 18:00:00,0.37518736
2026-07-15 19:00:00,0.133663021
2026-07-15 20:00:00,0.212422189
2026-07-15 21:00:00,0.101309964
2026-07-15 22:00:00,0.104977107
2026-07-15 23:00:00,0.094845673
2026-07-16 00:00:00,0.062155014
2026-07-16 01:00:00,0.108159522
2026-07-16 02:00:00,0.07757731
2026-07-16 03:00:00,0.123677553
2026-07-16 04:00:00,0.088695436
2026-07-16 05:00:00,0.084372314
2026-07-16 06:00:00,0.057208279
2026-07-16 07:00:00,0.060999776
2026-07-16 08:00:00,0.062106177
2026-07-16 09:00:00,0.148376626
2026-07-16 10:00:00,0.204201022
2026-07-16 11:00:00,0.099226635
2026-07-16 12:00:00,0.107080403
2026-07-16 13:00:00,0.062429037
2026-07-16 14:00:00,0.136974965
2026-07-16 15:00:00,0.174087687
2026-07-16 16:00:00,0.146252366
2026-07-16 17:00:00,2.506487898
2026-07-16 18:00:00,0.27752966
2026-07-16 19:00:00,0.228932477
2026-07-16 20:00:00,0.232902799
2026-07-16 21:00:00,0.14103727
2026-07-16 22:00:00,0.320592893
2026-07-16 23:00:00,0.112716049
2026-07-17 00:00:00,0.122330896
2026-07-17 01:00:00,0.078063608
2026-07-17 02:00:00,0.13090807
2026-07-17 03:00:00,0.118337437
2026-07-17 04:00:00,0.093647775
2026-07-17 05:00:00,0.09375009
2026-07-17 06:00:00,0.102660422
2026-07-17 07:00:00,0.182529814
2026-07-17 08:00:00,0.109478081
2026-07-17 09:00:00,0.056857043
2026-07-17 10:00:00,0.12664578
2026-07-17 11:00:00,0.061105655
2026-07-17 12:00:00,0.06385027
2026-07-17 13:00:00,0.107600701
2026-07-17 14:00:00,0.063092698
2026-07-17 15:00:00,0.257075835
2026-07-17 16:00:00,0.191395842
2026-07-17 17:00:00,0.230530535
2026-07-17 18:00:00,0.149810636
2026-07-17 19:00:00,0.066876207
2026-07-17 20:00:00,0.076622985
2026-07-17 21:00:00,0.044636708
2026-07-17 22:00:00,0.053295524
2026-07-17 23:00:00,0.064950045
2026-07-18 00:00:00,0.066338533
2026-07-18 01:00:00,0.092117594
2026-07-18 02:00:00,0.073471015
2026-07-18 03:00:00,0.108724227
2026-07-18 04:00:00,0.081298644
2026-07-18 05:00:00,0.082737977
2026-07-18 06:00:00,0.05389866
2026-07-18 07:00:00,0.054908652
2026-07-18 08:00:00,0.056870021
2026-07-18 09:00:00,0.054326209
2026-07-18 10:00:00,0.065166118
2026-07-18 11:00:00,0.068331053
2026-07-18 12:00:00,0.091883122
2026-07-18 13:00:00,0.058594937
2026-07-18 14:00:00,0.095699244
2026-07-18 15:00:00,0.066972195
2026-07-18 16:00:00,0.195623754
2026-07-18 17:00:00,0.058828006
2026-07-18 18:00:00,0.072296428
2026-07-18 19:00:00,0.060442187
2026-07-18 20:00:00,0.086472956
2026-07-18 21:00:00,0.050185565
2026-07-18 22:00:00,0.054616408
2026-07-18 23:00:00,0.051176732
2026-07-19 00:00:00,0.030348292
2026-07-19 01:00:00,0.036575087
2026-07-19 02:00:00,0.045581377
2026-07-19 03:00:00,0.036089569
2026-07-19 04:00:00,0.038430479
2026-07-19 05:00:00,0.049403107
2026-07-19 06:00:00,0.049034365
2026-07-19 07:00:00,0.050480796
2026-07-19 08:00:00,0.048261741
2026-07-19 09:00:00,0.040206412
2026-07-19 10:00:00,0.041027962
2026-07-19 11:00:00,0.041404798
2026-07-19 12:00:00,0.036600258
2026-07-19 13:00:00,0.072862158
2026-07-19 14:00:00,0.044562189
2026-07-19 15:00:00,0.039116923
2026-07-19 16:00:00,0.039695362
2026-07-19 17:00:00,0.04529824
2026-07-19 18:00:00,0.034242585
2026-07-19 19:00:00,0.044636111
2026-07-19 20:00:00,0.041266651
2026-07-19 21:00:00,0.042555047
2026-07-19 22:00:00,0.033159251
2026-07-19 23:00:00,0.036681223
2026-07-20 00:00:00,0.027692298
2026-07-20 01:00:00,0.03524803
2026-07-20 02:00:00,0.036791634
2026-07-20 03:00:00,0.032025125
2026-07-20 04:00:00,0.044575587
2026-07-20 05:00:00,0.046036807
2026-07-20 06:00:00,0.034109653
2026-07-20 07:00:00,0.052368376
2026-07-20 08:00:00,0.042908713
2026-07-20 09:00:00,0.041943147
2026-07-20 10:00:00,0.06906916
2026-07-20 11:00:00,0.055401743
2026-07-20 12:00:00,0.046538143
2026-07-20 13:00:00,0.142241952
2026-07-20 14:00:00,0.177581594
2026-07-20 15:00:00,0.261816175
2026-07-20 16:00:00,0.302455004
2026-07-20 17:00:00,0.239986365
2026-07-20 18:00:00,0.331784385
2026-07-20 19:00:00,0.215711782
2026-07-20 20:00:00,0.24523396
2026-07-20 21:00:00,0.238137921
2026-07-20 22:00:00,0.151984369
2026-07-20 23:00:00,0.118758849
2026-07-21 00:00:00,0.055512414
2026-07-21 01:00:00,0.071247263
2026-07-21 02:00:00,0.067449968
2026-07-21 03:00:00,0.074636034
2026-07-21 04:00:00,0.154275833
2026-07-21 05:00:00,0.045902059
2026-07-21 06:00:00,0.058192275
2026-07-21 07:00:00,0.095970623
2026-07-21 08:00:00,0.088760596
2026-07-21 09:00:00,0.094030851
2026-07-21 10:00:00,0.133889824
2026-07-21 11:00:00,0.151243291
2026-07-21 12:00:00,0.139632455
2026-07-21 13:00:00,0.051581084
2026-07-21 14:00:00,0.155411493
2026-07-21 15:00:00,0.232558096
2026-07-21 16:00:00,0.300937659
2026-07-21 17:00:00,0.208527561
2026-07-21 18:00:00,0.191298962
2026-07-21 19:00:00,0.263396044
2026-07-21 20:00:00,0.118626687
2026-07-21 21:00:00,0.154198206
2026-07-21 22:00:00,0.150259646
2026-07-21 23:00:00,0.087381767
2026-07-22 00:00:00,0.083572018
2026-07-22 01:00:00,0.128040703
2026-07-22 02:00:00,0.109568118
2026-07-22 03:00:00,0.081731107
2026-07-22 04:00:00,0.065458208
2026-07-22 05:00:00,0.092557793
2026-07-22 06:00:00,0.072965412
2026-07-22 07:00:00,0.098910991
2026-07-22 08:00:00,0.072460957
2026-07-22 09:00:00,0.088977555
2026-07-22 10:00:00,0.075947408
2026-07-22 11:00:00,0.067898868
2026-07-22 12:00:00,0.109684033
2026-07-22 13:00:00,0.097804399
2026-07-22 14:00:00,0.123747267
2026-07-22 15:00:00,0.170307318
2026-07-22 16:00:00,0.323921115
2026-07-22 17:00:00,0.235601439
2026-07-22 18:00:00,0.144012744
2026-07-22 19:00:00,0.11944048
2026-07-22 20:00:00,0.104924243
2026-07-22 21:00:00,0.126464087
2026-07-22 22:00:00,0.126403142
2026-07-22 23:00:00,0.103721916
2026-07-23 00:00:00,0.105521867
2026-07-23 01:00:00,0.115654405
2026-07-23 02:00:00,0.148611571
2026-07-23 03:00:00,0.120811476
2026-07-23 04:00:00,0.094975619
2026-07-23 05:00:00,0.130393453
2026-07-23 06:00:00,0.097031083
2026-07-23 07:00:00,0.093987264
2026-07-23 08:00:00,0.163022875
2026-07-23 09:00:00,0.099379278
2026-07-23 10:00:00,0.092463067
2026-07-23 11:00:00,0.292411309
2026-07-23 12:00:00,0.150246923
2026-07-23 13:00:00,0.145348571
2026-07-23 14:00:00,0.157364099
2026-07-23 15:00:00,0.689701095
2026-07-23 16:00:00,0.582422725
2026-07-23 17:00:00,0.425593999
2026-07-23 18:00:00,0.184893474
2026-07-23 19:00:00,0.152002848
2026-07-23 20:00:00,0.13467953
2026-07-23 21:00:00,0.142892185
2026-07-23 22:00:00,0.105908875
2026-07-23 23:00:00,0.08766495
2026-07-24 00:00:00,0.067680736
2026-07-24 01:00:00,0.095686531
2026-07-24 02:00:00,0.076865737
2026-07-24 03:00:00,0.101560456
2026-07-24 04:00:00,0.069889806
2026-07-24 05:00:00,0.158952571
2026-07-24 06:00:00,0.110400651
2026-07-24 07:00:00,0.119048207
2026-07-24 08:00:00,0.113591752
2026-07-24 09:00:00,0.109389123
2026-07-24 10:00:00,0.141888272
2026-07-24 11:00:00,0.095920614
2026-07-24 12:00:00,0.12136379
2026-07-24 13:00:00,0.108876242
2026-07-24 14:00:00,0.110233274
2026-07-24 15:00:00,0.127484185
2026-07-24 16:00:00,0.147473042
2026-07-24 17:00:00,0.247079672
2026-07-24 18:00:00,0.109388404
2026-07-24 19:00:00,0.100427764
2026-07-24 20:00:00,0.13194702
2026-07-24 21:00:00,0.131371479
2026-07-24 22:00:00,0.093607501
2026-07-24 23:00:00,0.107061629
2026-07-25 00:00:00,0.119692998
2026-07-25 01:00:00,0.102338859
2026-07-25 02:00:00,0.121347053
2026-07-25 03:00:00,0.131443817
2026-07-25 04:00:00,0.129702201
2026-07-25 05:00:00,0.108417021
2026-07-25 06:00:00,0.117718511
2026-07-25 07:00:00,0.121455561
2026-07-25 08:00:00,0.111813881
2026-07-25 09:00:00,0.114748054
2026-07-25 10:00:00,0.112425158
2026-07-25 11:00:00,0.086698916
2026-07-25 12:00:00,0.089359453
2026-07-25 13:00:00,0.061352492
2026-07-25 14:00:00,0.069751037
2026-07-25 15:00:00,0.076201435
2026-07-25 16:00:00,0.107877303
2026-07-25 17:00:00,0.154944291
2026-07-25 18:00:00,0.140827034
2026-07-25 19:00:00,0.122125482
2026-07-25 20:00:00,0.074843256
2026-07-25 21:00:00,0.07350298
2026-07-25 22:00:00,0.065840717
2026-07-25 23:00:00,0.049963826
2026-07-26 00:00:00,0.041314727
2026-07-26 01:00:00,0.049888756
2026-07-26 02:00:00,0.046378938
2026-07-26 03:00:00,0.058933042
2026-07-26 04:00:00,0.04801338
2026-07-26 05:00:00,0.051101664
2026-07-26 06:00:00,0.04765914
2026-07-26 07:00:00,0.04554498
2026-07-26 08:00:00,0.064470351
2026-07-26 09:00:00,0.049002283
2026-07-26 10:00:00,0.056978216
2026-07-26 11:00:00,0.046920037
2026-07-26 12:00:00,0.052311782
2026-07-26 13:00:00,0.056536475
2026-07-26 14:00:00,0.070710071
2026-07-26 15:00:00,0.150384875
2026-07-26 16:00:00,0.17403631
2026-07-26 17:00:00,0.088244986
2026-07-26 18:00:00,0.076919447
2026-07-26 19:00:00,0.062742058
2026-07-26 20:00:00,0.072163671
2026-07-26 21:00:00,0.191672032
2026-07-26 22:00:00,0.0686746
2026-07-26 23:00:00,0.07565925
2026-07-27 00:00:00,0.610845645
2026-07-27 01:00:00,0.090279736
2026-07-27 02:00:00,0.056881936
2026-07-27 03:00:00,0.046977761
2026-07-27 04:00:00,0.040278333
2026-07-27 05:00:00,0.040866616
2026-07-27 06:00:00,0.040599334
2026-07-27 07:00:00,0.041286616
2026-07-27 08:00:00,0.047860592
2026-07-27 09:00:00,0.050523229
2026-07-27 10:00:00,0.09336613
2026-07-27 11:00:00,0.083242854
2026-07-27 12:00:00,0.09361583
2026-07-27 13:00:00,0.103504609
2026-07-27 14:00:00,0.230807435
2026-07-27 15:00:00,1.024105276
2026-07-27 16:00:00,1.974954835
2026-07-27 17:00:00,0.223019913
2026-07-27 18:00:00,0.149753839
2026-07-27 19:00:00,0.117365395
2026-07-27 20:00:00,0.14341147
2026-07-27 21:00:00,0.071620817
2026-07-27 22:00:00,0.071268453
2026-07-27 23:00:00,0.150197326
2026-07-28 00:00:00,0.070684689
2026-07-28 01:00:00,0.049147558
2026-07-28 02:00:00,0.047754446
2026-07-28 03:00:00,0.062983707
2026-07-28 04:00:00,0.164168737
2026-07-28 05:00:00,0.163370965
2026-07-28 06:00:00,0.044563765
2026-07-28 07:00:00,0.042669434
2026-07-28 08:00:00,0.128650547
2026-07-28 09:00:00,0.102055444
2026-07-28 10:00:00,0.055057201
2026-07-28 11:00:00,0.047734941
2026-07-28 12:00:00,0.074696282
2026-07-28 13:00:00,0.090273261
2026-07-28 14:00:00,0.304356858
2026-07-28 15:00:00,0.282053323
2026-07-28 16:00:00,0.599442294
2026-07-28 17:00:00,1.858498207
2026-07-28 18:00:00,0.448470338
2026-07-28 19:00:00,0.118499976
2026-07-28 20:00:00,0.111669586
2026-07-28 21:00:00,0.090837206
2026-07-28 22:00:00,0.041258074
2026-07-28 23:00:00,0.044231802
2026-07-29 00:00:00,0.038552187
2026-07-29 01:00:00,0.040899712
2026-07-29 02:00:00,0.038332507
2026-07-29 03:00:00,0.043537835
2026-07-29 04:00:00,0.042920367
2026-07-29 05:00:00,0.042892488
2026-07-29 06:00:00,0.041628724
2026-07-29 07:00:00,0.049640021
2026-07-29 08:00:00,0.049640407
2026-07-29 09:00:00,0.053014186
2026-07-29 10:00:00,0.093178129
2026-07-29 11:00:00,0.059629051
2026-07-29 12:00:00,0.050737185
2026-07-29 13:00:00,0.06131272
2026-07-29 14:00:00,0.534160403
2026-07-29 15:00:00,0.908141464
2026-07-29 16:00:00,0.504407672
2026-07-29 17:00:00,0.310383987
2026-07-29 18:00:00,0.227508779
2026-07-29 19:00:00,0.704682763
2026-07-29 20:00:00,0.327833345
2026-07-29 21:00:00,0.150096668
2026-07-29 22:00:00,0.120988791
2026-07-29 23:00:00,0.100508148
2026-07-30 00:00:00,0.047084189
2026-07-30 01:00:00,0.063279227
2026-07-30 02:00:00,0.056277884
2026-07-30 03:00:00,0.052015978
2026-07-30 04:00:00,0.056702383
2026-07-30 05:00:00,0.050094525
2026-07-30 06:00:00,0.049128591
2026-07-30 07:00:00,0.0528688
2026-07-30 08:00:00,0.053562916
2026-07-30 09:00:00,0.05590633
2026-07-30 10:00:00,0.098120051
2026-07-30 11:00:00,0.067847163
2026-07-30 12:00:00,0.346309646
2026-07-30 13:00:00,2.546230023
2026-07-30 14:00:00,1.656208614
2026-07-30 15:00:00,2.306853703
2026-07-30 16:00:00,4.944124306
2026-07-30 17:00:00,2.02747941
2026-07-30 18:00:00,0.275924886
2026-07-30 19:00:00,0.28728871
2026-07-30 20:00:00,0.220584478
2026-07-30 21:00:00,0.164272446
2026-07-30 22:00:00,0.160940045
2026-07-30 23:00:00,0.125340866
2026-07-31 00:00:00,0.120613505
2026-07-31 01:00:00,0.186297204
2026-07-31 02:00:00,0.087768058
2026-07-31 03:00:00,0.057863853
2026-07-31 04:00:00,0.065631563
2026-07-31 05:00:00,0.042143174
2026-07-31 06:00:00,0.070884266
2026-07-31 07:00:00,0.095000988
2026-07-31 08:00:00,0.121494374
2026-07-31 09:00:00,0.198212979
2026-07-31 10:00:00,0.087290953
2026-07-31 11:00:00,0.077316985
2026-07-31 12:00:00,0.06177704
2026-07-31 13:00:00,0.098303837
2026-07-31 14:00:00,0.946750822
2026-07-31 15:00:00,1.699289231
2026-07-31 16:00:00,1.055685113
2026-07-31 17:00:00,0.853570623
2026-07-31 18:00:00,0.2901985
2026-07-31 19:00:00,0.14882081
2026-07-31 20:00:00,0.138711232
2026-07-31 21:00:00,0.11769941
2026-07-31 22:00:00,0.090798468
2026-07-31 23:00:00,0.060955442
2026-08-01 00:00:00,0.058843561
2026-08-01 01:00:00,0.087393892
2026-08-01 02:00:00,0.049676032
2026-08-01 03:00:00,0.051289192
2026-08-01 04:00:00,0.046366693
2026-08-01 05:00:00,0.04169185
2026-08-01 06:00:00,0.044123609
2026-08-01 07:00:00,0.048591111
2026-08-01 08:00:00,0.062392224
2026-08-01 09:00:00,0.055162279
2026-08-01 10:00:00,0.042824761
2026-08-01 11:00:00,0.0432997
2026-08-01 12:00:00,0.048238526
